Title,Url,Length,Viewed,Bookmark,Tags,AddDate
"Interview with Edward Said-His life-Palestine-Zionist Americans - YouTube",https://www.youtube.com/watch?v=inKSKLnWrhc,long,0,,Said,1461357213
"Conversation between Edward Said and Daniel Barenboim, part 1 - YouTube",https://www.youtube.com/watch?v=HWQCy6_TU3A,long,1,,Said,1461357312
"Edward Said The Last Interview 2003 - YouTube",https://www.youtube.com/watch?v=6NNuczNFyZM,long,0,,Said,1461357328
"Noam Chomsky and Edward Said: On Palestine - YouTube",https://www.youtube.com/watch?v=s4bQtM7q67k,long,0,,"Said,Chomsky",1461357333
"Edward Said On 'Orientalism' - YouTube",https://www.youtube.com/watch?v=3pmkfvzmLdU,short,0,,Said,1461357509
"Edward Said Conversation With Bill Moyers - YouTube",https://www.youtube.com/watch?v=eI6mjFL80xE,short,1,,Said,1461357515
"Terence McKenna - You are Supported by the Universe - YouTube",https://www.youtube.com/watch?v=qp6lSu0s6M8,long,1,,McKenna,1461365460
"Terence McKenna - An Effort to Awaken - YouTube",https://www.youtube.com/watch?v=SAOhdkWoZFc,long,0,,McKenna,1461365500
"Terence Mckenna on Carl Jung and UFOs - YouTube",https://www.youtube.com/watch?v=FfmJMiiebNc,long,1,,McKenna,1461365535
"Terence McKenna - DMT: Death by Astonishment - YouTube",https://www.youtube.com/watch?v=Eqn5FKISlTw,long,1,,McKenna,1461365573
"Terence McKenna - An Effort to Awaken - YouTube",https://www.youtube.com/watch?v=SAOhdkWoZFc,long,0,,McKenna,1467328294
"The Purpose of Novelty in Human Beings and The Universe (Terence Mckenna) [720p] - YouTube",https://www.youtube.com/watch?v=noYTsd8cD_c,long,0,,McKenna,1467328294
"TERENCE MCKENNA - UFO: The Inside Outsider - YouTube",https://www.youtube.com/watch?v=crVV7mFBfBg,long,0,,McKenna,1467328294
"Terence Mckenna - Deconditioning the Human Condition - YouTube",https://www.youtube.com/watch?v=ogTP5FpJC_k,long,0,,McKenna,1467328294
"Dreaming Awake - Spoken by Terence McKenna - YouTube",https://www.youtube.com/watch?v=GSkC42WBGdw,long,0,,McKenna,1467328294
"Terence McKenna - Dreaming - YouTube",https://www.youtube.com/watch?v=LNpMlMW_iZg,long,0,,McKenna,1467328294
"Terence McKenna - Why do we have Imagination? - YouTube",https://www.youtube.com/watch?v=VFHdYdbsnug,long,0,,McKenna,1467328294
"Terence McKenna: Carnivores - YouTube",https://www.youtube.com/watch?v=3fZxfnHsPa8,short,0,,McKenna,1467328294
"Terence McKenna - A Few Conclusions About Life - YouTube",https://www.youtube.com/watch?v=M38gdrbiFZw,long,0,,McKenna,1467328294
"Terence Mckenna - The Ego, The Outsider & Psychedelics - YouTube",https://www.youtube.com/watch?v=S3btA_kcAsI,long,0,,McKenna,1467328294
"Terence McKenna on Marshall Mcluhan - YouTube",https://www.youtube.com/watch?v=9dROH6aOIUc&feature=youtu.be,long,0,,McKenna,1467328294
"Terence McKenna & Riane Eisler ~ Man & Woman At The End Of History (1988) - YouTube",https://www.youtube.com/watch?v=tMB2XIe9gI8,long,0,,McKenna,1467328294
"Terence McKenna ~ Dreaming Awake at the End of Time - YouTube",http://www.youtube.com/watch?v=KboPUQ0xCDs,long,0,,McKenna,1467328294
"Terence McKenna - The World Could Be Anything (Lecture) - YouTube",https://www.youtube.com/watch?v=rAMvHj48JtM,long,1,,McKenna,1467328294
"2003 - Noam Chomsky - Conversation with Charlie Rose - YouTube",https://www.youtube.com/watch?v=h6IBbViUzVU,long,1,,Chomsky,1467328294
"The Myth of the ""Clash of Civilizations"". Edward Said - YouTube",https://www.youtube.com/watch?v=aPS-pONiEG8,long,0,,Said,1467328294
"Terence McKenna - Shamanology of the Amazon - YouTube",https://www.youtube.com/watch?v=W2UkEH7Hz6Q,long,0,,McKenna,1467328294
"Terence McKenna - UFO The Inside Outsider - YouTube",https://www.youtube.com/watch?v=JhXWp1jXFgU,long,0,,McKenna,1467328294
"Noam Chomsky - Roda Viva (Brazil) - YouTube",https://www.youtube.com/watch?v=6HvZfzHhW5k,long,0,,Chomsky,1467328294
"Noam Chomsky on Poverty & Inequality in America",https://www.youtube.com/watch?v=0XnihgXhh3c,long,0,,Chomsky,1467328294
"Noam Chomsky on The Necessary Pain of Facing Unpleasant Truths - YouTube",https://www.youtube.com/watch?v=X7r2qfQ01j4,long,0,00h06m00s,Chomsky,1467328294
"Noam Chomsky: US Invasion of Iraq Produced Daesh 'Monstrosity' - YouTube",https://www.youtube.com/watch?v=kythpQrelDU,long,0,,Chomsky,1467328294
"Glenn Greenwald at Brown with Q&A - YouTube",https://www.youtube.com/watch?v=ikCUHh3Ge_k,long,0,00h15m00s,Greenwald,1467328294
"Noam Chomsky (2013) on ""Silicon Valley, the Internet, Google, Wikileaks and other topics"" - YouTube",https://www.youtube.com/watch?v=JfkFVHaDu14,long,0,00h01m00s,Chomsky,1467328294
"Noam Chomsky (1983) ""The Fateful Triangle"" FULL Interview - YouTube",https://www.youtube.com/watch?v=6hk3icw8_pw,long,0,,Chomsky,1467328294
"Keio Linguistic Colloquium SYNTAX SESSION Professor Noam Chomsky (MIT) - YouTube",https://www.youtube.com/watch?v=u0t34c3W8d0,long,0,00h34m00s,Chomsky,1467328294
"Noam Chomsky - Greed - YouTube",https://www.youtube.com/watch?v=s_4Rmb2wvJ4,short,0,,Chomsky,1467328294
"Noam Chomsky on New Atheists Christopher Hitchens & Sam Harris - YouTube",https://www.youtube.com/watch?v=c3PTozwD0dM,short,0,,Chomsky,1467328294
"Noam Chomsky answers questions from 6 personalities - YouTube",https://www.youtube.com/watch?v=eTMfel0CCK0,long,1,,Chomsky,1467328294
"Noam Chomsky (2013) ""Pedagogy of the Oppressed"" (MUST WATCH!!) - YouTube",https://www.youtube.com/watch?v=-SOw55BU7yg,long,0,,Chomsky,1467328294
"YANIS VAROUFAKIS | NOAM CHOMSKY, NYPL, 26 April - YouTube",https://www.youtube.com/watch?v=szIGZVrSAyc,long,1,,Chomsky,1467328294
"Yanis Varoufakis: The Future of Capitalism | The New School - YouTube",https://www.youtube.com/watch?v=ihVcrnFag1s,long,1,,Varoufakis,1467328294
"Yanis Varoufakis: Basic Income is a Necessity - YouTube",https://www.youtube.com/watch?v=BvgdtF3y0Ss,long,1,,Varoufakis,1467328294
"Shorthand Sue Teaches Teeline #5 - vowels - YouTube",https://www.youtube.com/watch?v=HvAQTl1ZD3E,short,1,,Teeline,1467328294
"Gregg Stenography how it works lesson 2 - YouTube",https://www.youtube.com/watch?v=p0qKtre2G-Q,long,0,,Gregg,1467328294
"Shorthand Sue Teaches Teeline #6 - advanced tips - YouTube",https://www.youtube.com/watch?v=7bGyoRv0NWQ,long,1,,Teeline,1467328294
"Full lecture/lezing by Adam Savage at Universiteit Twente - YouTube :00h21m00s:",https://www.youtube.com/watch?v=nm2oyBIZJL8,long,1,,Savage,1467328294
"Alan Watts Zen bones and Tales 1hr47 - YouTube",https://www.youtube.com/watch?v=t7SwqBNfLuU,long,1,,Watts,1467328294
"Alan Watts ~ Life - YouTube",https://www.youtube.com/watch?v=10kIX4yW1-A,long,1,,Watts,1467328294
"Alan Watts Talk About ZEN, The Way of Zen FULL Alan Watts Philosophy - YouTube",https://www.youtube.com/watch?v=U2nJgnlR7W4,long,1,,Watts,1467328294
"Mary Roach in conversation with Adam Savage at San Francisco Public Library - YouTube",https://www.youtube.com/watch?v=BFf6yqHXS3c,long,0,00h24m42s,Savage,1467328294
"Adam Savage Interviews Author Mary Roach - The Talking Room - YouTube",https://www.youtube.com/watch?v=kfZ9RrxQ5NM,long,0,,Savage,1467328294
"The Mind - Alan Watts - YouTube",https://www.youtube.com/watch?v=emHAoQGoQic,short,1,,Watts,1467328294
"Live Fully Now - Alan Watts - YouTube",https://www.youtube.com/watch?v=HdqVF7-8wng,short,1,,Watts,1467328294
"Alan Watts - Living in the present (boat analogy) - YouTube",https://www.youtube.com/watch?v=G4j6cUwCRmI,short,1,,Watts,1467328294
"Alan Watts by South Park creators (All in one in HD) - YouTube",https://www.youtube.com/watch?v=7YgEhvZDZVg,short,0,,Watts,1467328294
"Alan Watts ~ You Suffer Because You Enjoy It - YouTube",https://www.youtube.com/watch?v=48JEnQ1kJnc,short,0,,Watts,1467328294
"Alan Watts - The Beauty of Nothingness - YouTube",https://www.youtube.com/watch?v=ivurmn3hnwc,short,1,,Watts,1467328294
"Nothingness is the Ultimate Reality - Alan Watts - YouTube",https://www.youtube.com/watch?v=eKuGiZ0rL-0,short,0,,Watts,1467328294
"ॐ Losing the Ego: the Awakening by Alan Watts - YouTube",https://www.youtube.com/watch?v=qFDKlTqt1pE,short,1,,Watts,1467328294
"The Ego Illusion ~ Alan Watts - YouTube",https://www.youtube.com/watch?v=xAdMbNI8u2M,short,0,,Watts,1467328294
"Alan Watts - The Use of LSD and Psilocybin - YouTube",https://www.youtube.com/watch?v=4l90LMpSJM4,short,0,,Watts,1467328294
"Alan Watts - The Taoist Way - YouTube",https://www.youtube.com/watch?v=Iv9zocKASsM,long,0,,Watts,1467328294
"What is Wrong With Our Culture [Alan Watts] - YouTube",https://www.youtube.com/watch?v=YMDu3JdQ8Ow,short,1,,Watts,1467328294
"Alan Watts ~ Society Is A Hoax , Take Control Of Your Life - YouTube",https://www.youtube.com/watch?v=IDqxgU7CbIw,long,0,,Watts,1467328294
"Alan Watts: M O N E Y - YouTube",https://www.youtube.com/watch?v=AiNODsOnvYA,short,1,,Watts,1467328294
"Alan Watts - Choice - YouTube",https://www.youtube.com/watch?v=D7CH9cRN8Rg,short,1,,Watts,1467328294
"Allan Watts - What am I supposed to do in life? - YouTube",https://www.youtube.com/watch?v=JEgZACpXP3U,short,1,,Watts,1467328294
"Alan Watts - Having Fun - YouTube",https://www.youtube.com/watch?v=xn85vztvtmo,short,1,,Watts,1467328294
"Alan Watts ~ The Greatest Skill of All - YouTube",https://www.youtube.com/watch?v=LgZ73Lc5VS8,short,1,,Watts,1467328294
"Alan Watts - Think of Nothing - YouTube",https://www.youtube.com/watch?v=aQ5upMz0_ig,short,1,,Watts,1467328294
"Alan Watts - How To Attract What You Love - YouTube",https://www.youtube.com/watch?v=VCxRSiaFciI,long,0,,Watts,1467328294
"ALAN WATTS; Work as Play (Video) - YouTube",https://www.youtube.com/watch?v=YiEzxNqw6_0,long,0,,Watts,1467328294
"Alan Watts: QUESTIONS & ANSWERS - YouTube",https://www.youtube.com/watch?v=sgAC0zyGnrg,long,0,,Watts,1467328294
"Noam Chomsky full length interview: Who rules the world now? - YouTube",https://www.youtube.com/watch?v=P2lsEVlqts0,long,1,,Chomsky,1467328294
"“Language, Creativity, and the Limits of Understanding” by Professor Noam Chomsky (4-21-16) - YouTube",https://www.youtube.com/watch?v=XNSxj0TVeJs,long,0,,Chomsky,1467328294
"Full Conversation with Mythbusters' Adam Savage | Inquiring Minds - YouTube",https://www.youtube.com/watch?v=kNHbJ1fBrpA,long,0,,Savage,1467328294
"Noam Chomsky - Spencer vs. Kropotkin - YouTube",https://www.youtube.com/watch?v=AyC0sZ3rLz0,short,1,,Chomsky,1467328294
"Noam Chomsky on Anarcho-primitivism - YouTube",https://www.youtube.com/watch?v=5qIzP5fisxY,short,1,,Chomsky,1467328294
"Noam Chomsky - Communication and Language - YouTube",https://www.youtube.com/watch?v=gAm8ee_fooI,short,1,,Chomsky,1467328294
"Noam Chomsky - Drugs - YouTube",https://www.youtube.com/watch?v=HIK46KSEXJU,short,0,,Chomsky,1467328294
"Noam Chomsky: Brazil's President Dilma Rousseff ""Impeached by a Gang of Thieves"" - YouTube",https://www.youtube.com/watch?v=33V-JTtYbqE,short,0,,Chomsky,1467328294
"Noam Chomsky The Unsolved Mysteries of Language FULL - YouTube",https://www.youtube.com/watch?v=Nto0QwJ4-OE,long,0,,Chomsky,1467328294
"Professor Richard D Wolff interviewed on Real Time with Bill Maher - YouTube",https://www.youtube.com/watch?v=W-6nrAnDGyU,short,1,,Wolff,1467328294
"Austerity and Neoliberalism in Greece with Richard Wolff and Barry Herman | The New School - YouTube",https://www.youtube.com/watch?v=_WhZXhRS3F4,long,0,,Wolff,1467328294
"How Class Works -- by Richard Wolff - YouTube",https://www.youtube.com/watch?v=euH3pAuLuko,short,1,,Wolff,1467328294
"Socialism For Dummies. - YouTube",https://www.youtube.com/watch?v=ysZC0JOYYWw,long,0,,Wolff,1467328294
"Richard Wolff To Peter Schiff - Your System Deprives Masses Of Decent Living Standard - YouTube",https://www.youtube.com/watch?v=xCsJ7KoU1CA,short,1,,Wolff,1467328294
"Richard Wolff: Why Oil & Gas Prices are dropping - YouTube",https://www.youtube.com/watch?v=LCW7lWZ5CiE,long,1,,Wolff,1467328294
"Barry Sanders: The Subversive Humor of Lenny Bruce - YouTube",https://www.youtube.com/watch?v=4sOudBIDpzY,short,0,,"Barry Sanders",1467328294
"Alan Watts -- LSD + ZEN - YouTube",https://www.youtube.com/watch?v=oHR2KNZg8q0,long,1,,Watts,1467328294
"Reaganomics: 32 Years of Failed Policy | Interview with Richard Wolff - YouTube",https://www.youtube.com/watch?v=-F2JIHNLQSc,short,1,,Wolff,1467328294
"Dangerous Thoughts: There IS a Tipping Point For Revolution in America: Dr. Richard Wolff - YouTube",https://www.youtube.com/watch?v=14Ue60RBD-Y,short,1,,Wolff,1467328294
"Dont Talk to Police - YouTube",https://www.youtube.com/watch?v=6wXkI4t7nuc,long,0,,law,1467328294
"Sleeping on the Floor How and Why - YouTube",https://www.youtube.com/watch?v=xpiwZXMQuKk,long,1,,"floor, primal, rewild, paleo",1467328294
"Alan Watts Lectures ~ The Spiritual Teachings of Zen - YouTube",https://www.youtube.com/watch?v=XJpdcABo5aw,long,1,,Watts,1467328294
"Alan Watts - Are You Addicted To Thoughts? - YouTube",https://www.youtube.com/watch?v=lrU2Sr4z-K4,short,1,,Watts,1467328294
"Alan Watts - Best Description of LSD - YouTube",https://www.youtube.com/watch?v=FTej5qPURaE,short,1,,Watts,1467328294
"Alan Watts - LSD & Society (Lecture) - YouTube",https://www.youtube.com/watch?v=hqSyfsOCFWs,long,0,,Watts,1467328294
"Warning! Dangerous Minds: Dr. Richard Wolff Gives A No BS Breakdown of The Sequester - YouTube",https://www.youtube.com/watch?v=rJa7vrZEYKc,short,1,,Wolff,1467328294
"Story Disruption & Morphogenesis, Charles Eisenstein - YouTube",https://www.youtube.com/watch?v=eJWWEd8j_Y8,long,1,,Eisenstein,1467328294
"Charles Eisenstein | Sacred Economics | A Sacred Conversation | Full Talk - YouTube",https://www.youtube.com/watch?v=rcE9PT92zK4,long,0,,Eisenstein,1467328294
"The Way of Zen: Zen Buddhism Documentary - World Documentary Channel - YouTube",https://www.youtube.com/watch?v=IwzFOf9eilQ,long,1,,Zen,1467328294
"Zen - Introduction to zen practice / full version - Taigen Shodo Harada Roshi - YouTube",https://www.youtube.com/watch?v=LL2XUTeoUsM,long,0,,Zen,1467328294
"A Teaching From Zen Master Jinen - YouTube",https://www.youtube.com/watch?v=APjXpUnHw20,short,0,,Zen,1467328294
"Alok Tao of Peace - YouTube",https://www.youtube.com/watch?v=D530NVkI0ak,short,0,,Zen,1467328294
"Stop Trying To Be A Good Person",https://www.youtube.com/watch?v=3QPHOLGO49s,short,1,,Eisenstein,1467328294
"Sacred Economics with Charles Eisenstein - A Short Film - YouTube",https://www.youtube.com/watch?v=EEZkQv25uEs,short,1,,Eisenstein,1467328294
"A New Story of the People: Charles Eisenstein at TEDxWhitechapel - YouTube",https://www.youtube.com/watch?v=Mjoxh4c2Dj0,long,0,,Eisenstein,1467328294
"TEDxWilliamsport - Dr. Derek Cabrera - How Thinking Works - YouTube",https://www.youtube.com/watch?v=dUqRTWCdXt4,long,1,,"Derek Cabrera, DSRP",1467328294
"TED Talk Dr. Cabrera: A BIG TOE (Theory of Everything) - YouTube",https://www.youtube.com/watch?v=farhdoG5Y6c,long,0,,"Derek Cabrera, DSRP",1467328294
"A New Kind of Science - Stephen Wolfram - YouTube",https://www.youtube.com/watch?v=_eC14GonZnU,long,0,,"Stephen Wolfram, automata",1467328294
"21. Chaos and Reductionism - YouTube",https://www.youtube.com/watch?v=_njf8jwEGRo,long,0,,"Robert Sapolsky",1467328294
"22. Emergence and Complexity - YouTube",https://www.youtube.com/watch?v=o_ZuWbX-CyE,long,0,,"Robert Sapolsky",1467328294
"Alan Watts - 'Mushin' The State Of No Mind - YouTube",https://www.youtube.com/watch?v=2ABtVOnwHmo,long,1,,Watts,1467328294
"A New Story of the People: Charles Eisenstein at TEDxWhitechapel - YouTube",https://www.youtube.com/watch?v=Mjoxh4c2Dj0,long,1,,Eisenstein,1467328294
"Filiz Telek interviews Charles Eisenstein for Brave New World: March 2012 - YouTube",https://www.youtube.com/watch?v=HIwEfFzFrhA,short,1,,Eisenstein,1467328294
"Alan Watts: Anarchy - YouTube",https://www.youtube.com/watch?v=cS-govOJGIM,long,1,,Watts,1467328294
"Alan Watts 'Early Chinese Zen' - YouTube",https://www.youtube.com/watch?v=796yg18Iec8,long,1,,Watts,1467328294
"Global Capitalism: May 2016 Monthly Economic Update - YouTube",https://www.youtube.com/watch?v=GL4_5phlV6U,long,1,,Wolff,1467328294
"chris hedges on the fall of america and 2016 - YouTube",https://www.youtube.com/watch?v=hwYBzKE89qI,long,0,,Hedges,1467328294
"Chris Hedges Gives a Heartbreaking Speech on Wages of Rebellion - YouTube",https://www.youtube.com/watch?v=nzNhsNHg7PI,long,0,,Hedges,1467328294
"Richard Wolff: On Bernie Sanders and Socialism - YouTube",https://www.youtube.com/watch?v=IhH-PWjR3b0,long,1,,Wolff,1467328294
"A Cure for Capitalism? Putting the Social Back in Socialism: Rick Wolff - YouTube",https://www.youtube.com/watch?v=zQClsnvWvOQ,long,1,,Wolff,1467328294
"Noam Chomsky on French Intellectual Culture & Post-Modernism (3/8) - YouTube",https://www.youtube.com/watch?v=2cqTE_bPh7M,short,0,,Chomsky,1467328294
"Alan Watts 'Game Theory of Ethics' - YouTube",https://www.youtube.com/watch?v=k9oM59KyQKQ,long,1,,Watts,1467328294
"Alan Watts 'Transcending Duality' - YouTube",https://www.youtube.com/watch?v=1juwI1uzdNs,long,1,,Watts,1467328294
"Alan Watts - To Speak the Truth - YouTube",https://www.youtube.com/watch?v=NIX3r1_ZPRE,short,0,,Watts,1467328294
"The Most Difficult Thing To Explain - Alan Watts - YouTube",https://www.youtube.com/watch?v=51axSV2xgj0,short,1,,Watts,1467328294
"Philosophy of War - Alan Watts - YouTube",https://www.youtube.com/watch?v=kbFin_HlaCg,short,1,,Watts,1467328294
"Alan Watts Video: How To Get Everything You Want In Life - YouTube",https://www.youtube.com/watch?v=nvyrgMzsBJY,short,1,,Watts,1467328294
"Alan Watts - On Nothingness - YouTube",https://www.youtube.com/watch?v=dLrMVous0Ac,short,1,,Watts,1467328294
"Alan Watts On Masturbation,Religion & Love. - YouTube",https://www.youtube.com/watch?v=5xIZfs5xBBc,long,1,,Watts,1467328294
"Alan Watts - Being Completely Here And Now - YouTube",https://www.youtube.com/watch?v=YVjcoh12UuU,short,1,,Watts,1467328294
"Alan Watts - Willing To Die - YouTube",https://www.youtube.com/watch?v=ioFG999aOCs,short,0,,Watts,1467328294
"Adam Savage's Maker Faire 2016 Talk! - YouTube",https://www.youtube.com/watch?v=kdLky-YkOVw,long,0,00h31m00s,Savage,1467328294
"Richard D. Wolff Lecture on Worker Coops: Theory and Practice of 21st Century Socialism - YouTube",https://www.youtube.com/watch?v=a1WUKahMm1s,long,1,,Wolff,1467328294
"Noam Chomsky 2016 - Chris Hedges Interviews Noam Chomsky - Noam Chomsky Debate - YouTube",https://www.youtube.com/watch?v=ZHOF2s2S1oo,long,0,,Chomsky,1467328294
"Alan Watts - The Art of Meditation (Full Lecture) - YouTube",https://www.youtube.com/watch?v=EgHCwsQ1MqI,long,1,,Watts,1467328294
"Richard Wolff: Capitalism's Crisis Deepens - YouTube",https://www.youtube.com/watch?v=yKxnsnULwpU,long,1,,Wolff,1467328294
"ACLU SoCal Lecture: Richard Wolff at Occidental College - YouTube",https://www.youtube.com/watch?v=tyIEH5QQYiI,long,1,,Wolff,1467328294
"Noam Chomsky Interview on US Elections, Trump, Sanders, Inequality, Popular Anger, Republican Party - YouTube",https://www.youtube.com/watch?v=Jb117nZ59Vs,long,0,,Chomsky,1467328294
"Noam Chomsky, 'The Human Species Has Never Faced A Question Like This’ (2016) - YouTube",https://www.youtube.com/watch?v=ILqBEXo_e9Y,long,0,,Chomsky,1467328294
"Bernie Sanders & Noam Chomsky on "" war on drugs "" - YouTube",https://www.youtube.com/watch?v=ATfsZvu0z7M,long,1,,Chomsky,1467328294
"Noam Chomsky - Hillary Clinton and her Extreme View of Israel - YouTube",https://www.youtube.com/watch?v=2bYbunH-BZc,long,1,,Chomsky,1467328294
"Noam Chomsky - The Threat of Nuclear War - YouTube",https://www.youtube.com/watch?v=kBvE5TkKGYk,long,1,,Chomsky,1467328294
"Zen - Principles and Practices (Enhanced version) - YouTube",https://www.youtube.com/watch?v=CfR_ZkRQz3Q,long,1,,Zen,1467328294
"Alan Watts on Meditation - YouTube",https://www.youtube.com/watch?v=pZHrAyXFTs8,long,1,,Watts,1467328294
"Chris Hedges, Cornel West, and Richard Wolff Discuss Thomas Paine 2016 HD - YouTube",https://www.youtube.com/watch?v=uWsmMGBhzTc,long,0,,Wolff,1467328294
"As Long as There is Capitalism Reforms Will Be Undone - YouTube",https://www.youtube.com/watch?v=hq1rTZArsBU,long,1,,Wolff,1467328294
"Noam Chomsky - Reform or Revolution - YouTube",https://www.youtube.com/watch?v=mLAeNmRwY3I,short,1,,Chomsky,1467328294
"Noam Chomsky American; Reform or Revolution, History of Civil Rights Movement and Terrorism - YouTube",https://www.youtube.com/watch?v=_7v1jUkpfv8,long,0,,Chomsky,1467328294
"Noam Chomsky: Brazil's President Dilma Rousseff ""Impeached by a Gang of Thieves"" - YouTube",https://www.youtube.com/watch?v=33V-JTtYbqE,short,1,,Chomsky,1467328294
"Noam Chomsky Unpeople - YouTube",https://www.youtube.com/watch?v=ujIBQmbiwRg,short,1,,Chomsky,1467328294
"Noam Chomsky The Soviet Union vs Socialism - YouTube",https://www.youtube.com/watch?v=JHw0VGgLjCo,short,1,,Chomsky,1467328294
"Noam Chomsky The Subconscious - YouTube",https://www.youtube.com/watch?v=rypktqZx3qA,short,1,,Chomsky,1467328294
"Noam Chomsky. On Nation States : Borders and Boundaries - YouTube",https://www.youtube.com/watch?v=sZQDKnRjVcg,short,0,,Chomsky,1467328294
"Noam Chomsky - Anarchism II - YouTube",https://www.youtube.com/watch?v=PvADXR-JEgM,short,0,,Chomsky,1467328294
"Noam Chomsky Unused Capacities - YouTube",https://www.youtube.com/watch?v=KbQpESbytw4,short,1,,Chomsky,1467328294
"Noam Chomsky The Turing Test - YouTube",https://www.youtube.com/watch?v=iw8D5s-z4Cs,short,1,,Chomsky,1467328294
"Alan Watts ~ Why Money Rules Your Life - YouTube",https://www.youtube.com/watch?v=dVjuOG_XJNE,long,0,,Watts,1467328294
"Alan Watts ~ Society Is A Hoax , Take Control Of Your Life - YouTube",https://www.youtube.com/watch?v=IDqxgU7CbIw,long,0,,Watts,1467328294
"Alan Watts ~ Knowing Myself By Letting Go - YouTube",https://www.youtube.com/watch?v=i-Wc5E8Puuk,long,0,,Watts,1467328294
"Alan Watts - Stop Trying To Change The World. - YouTube",https://www.youtube.com/watch?v=Tn9-Ygto9yw,long,0,,Watts,1467328294
"Alan Watts - What You Weren't Taught - YouTube",https://www.youtube.com/watch?v=6lmU3P0KLyY,long,0,,Watts,1467328294
"Alan Watts ~ Life - YouTube",https://www.youtube.com/watch?v=MFmSRMxBBYI,long,0,,Watts,1467328294
"Alan Watts ~ Society As A Matrix, Part 1 - YouTube",https://www.youtube.com/watch?v=2LPi4TJQWDw,long,0,,Watts,1467328294
"Alan Watts ~ Society As A Matrix ,Part 2 - YouTube",https://www.youtube.com/watch?v=JrlD3vRkvRE,long,0,,Watts,1467328294
"The state of non choosing - Alan Watts - YouTube",https://www.youtube.com/watch?v=XjTxa-4BOds,long,1,,Watts,1467328294
"Unbelievable Bliss - Alan Watts - YouTube",https://www.youtube.com/watch?v=ww7AVENhrGs,long,0,,Watts,1467328294
"The Glorious Sense of Nonsense - Alan Watts - YouTube",https://www.youtube.com/watch?v=OQizplk8suI,long,1,,Watts,1467328294
"Alan Watts - On Zen - You're It! - YouTube",https://www.youtube.com/watch?v=eh-3FJs2pz8,long,0,,Watts,1467328294
"Alan Watts: The Discipline of Zen (1960) [full length] - YouTube",https://www.youtube.com/watch?v=jN19k29e_Ys,long,0,,Watts,1467328294
"Alan Watts "" Swimming Headless"" Eastern & Western Zen (BUDDHIST TEACHING) - YouTube",https://www.youtube.com/watch?v=FbMZdbC5nQk,long,0,,Watts,1467328294
"Alan Watts - Zen Clues 1 - YouTube",https://www.youtube.com/watch?v=NeMy30oTJLs,long,0,,Watts,1467328294
"Economic Crisis and Globalization - Richard D. Wolff Lecture 1 - YouTube",https://www.youtube.com/watch?v=71aM4LGHlYk,long,0,,Wolff,1467328294
"Intro to Marxian Economics",https://www.youtube.com/watch?v=3wkO3qsZY_U,long,1,,Wolff,1467328294
"Alan Watts - Why the Urge to Improve Yourself? - YouTube",https://www.youtube.com/watch?v=vlNVQ-_y4-0,long,0,,Watts,1467328294
"Alan Watts - Success is the Biggest Failure - YouTube",https://www.youtube.com/watch?v=iZttVBuS2_c,long,1,,Watts,1467328294
"Alan Watts - How to Spend (a life) Time - YouTube",https://www.youtube.com/watch?v=NWnVpUpehRI,long,1,,Watts,1467328294
"Orientation to Zen 01 - Zazen (Zen Meditation) - YouTube",https://www.youtube.com/watch?v=1_djWyC1-_4,long,0,,Zen,1467328294
"Intro to Marxian Economics",https://www.youtube.com/watch?v=YzYG5LAgb3Y,long,1,,Wolff,1467328294
"Intro to Marxian Economics",https://www.youtube.com/watch?v=iFHVWBKrgZY,long,0,,Wolff,1467328294
"Intro to Marxian Economics",https://www.youtube.com/watch?v=bX2oC3SlrBo,long,1,,Wolff,1467328294
"Workplace Democracy (with Wolff, Chomsky & Alperovitz) - YouTube",https://www.youtube.com/watch?v=Pmt1M7s2t18,long,0,,"Chomsky,Wolff",1467328294
"Economist Richard Wolff Destroys Bill O'Reilly - YouTube",https://www.youtube.com/watch?v=Xr3LPFh8CsM,short,0,,Wolff,1467328294
"Marxism 101: How Capitalism is Killing Itself with Dr. Richard Wolff // Empire_File022 - YouTube",https://www.youtube.com/watch?v=6P97r9Ci5Kg,long,0,,Wolff,1467328294
"Intro to Marxian Economics",https://www.youtube.com/watch?v=dX-YbKZ6yMA,long,1,,Wolff,1467328294
"Intro to Marxian Economics",https://www.youtube.com/watch?v=LvmFeRGVnSk,long,1,,Wolff,1467328294
"Intro to Marxian Economics",https://www.youtube.com/watch?v=hfjSyOJHg7Q,long,1,,Wolff,1467328294
"Alan Watts - Spiritual Attainment is the Ultimate Hoax - YouTube",https://www.youtube.com/watch?v=B9Gz5QCToWc,long,1,,Watts,1467328294
"Intro to Marxian Economics",https://www.youtube.com/watch?v=PJ1Em1Tyho0,long,1,,Wolff,1467328294
"Intro to Marxian Economics",https://www.youtube.com/watch?v=skE1bXxgKkk,long,1,,Wolff,1467328294
"Intro to Marxian Economics",https://www.youtube.com/watch?v=ucjdhq1vIto,long,1,,Wolff,1467328294
"Alan Watts ~ Meditation ~ The Key To Freedom - YouTube",https://www.youtube.com/watch?v=0TIRmOJ2zMI,long,0,,Watts,1467328294
"Alan Watts ~ The Rewards Of Releasing Control - YouTube",https://www.youtube.com/watch?v=yP3P7wP1ggg,long,1,,Watts,1467328294
"Alan Watts~ Beauty of Love :D! - YouTube",https://www.youtube.com/watch?v=vF655HgbdGA,long,1,,Watts,1467328294
"Intro to Marxian Economics",https://www.youtube.com/watch?v=0ot8Rs5BAJc,long,1,,Wolff,1467328294
"Intro to Marxian Economics",https://www.youtube.com/watch?v=Ja4j6ivmhbg,long,1,,Wolff,1467328294
"Intro to Marxian Economics",https://www.youtube.com/watch?v=Oh_h2ND8mpw,long,1,,Wolff,1467328294
"Alan Watts ~ The Source Of Light Is In The I - YouTube",https://www.youtube.com/watch?v=bndTH4YEstY,long,1,,Watts,1467328294
"Alan Watts - Why You have a Fear of Pleasure - YouTube",https://www.youtube.com/watch?v=9ruNpX7HEkE,long,1,,Watts,1467328294
"Intro to Marxian Economics",https://www.youtube.com/watch?v=_eeRHnn3osI,long,1,,Wolff,1467328294
"Intro to Marxian Economics",https://www.youtube.com/watch?v=IWaH4jSFeNo,long,1,,Wolff,1467328294
"Intro to Marxian Economics",https://www.youtube.com/watch?v=Kv0tYB8fwqY,long,1,,Wolff,1467328294
"Intro to Marxian Economics",https://www.youtube.com/watch?v=odweKgG1qK8,long,1,,Wolff,1467328294
"Intro to Marxian Economics",https://www.youtube.com/watch?v=5Y0vVvWmh5s,long,1,,Wolff,1467328294
"Intro to Marxian Economics",https://www.youtube.com/watch?v=mkrdjfRThSk,long,1,,Wolff,1467328294
"Intro to Marxian Economics",https://www.youtube.com/watch?v=gnvfue5XLlE,long,1,,Wolff,1467328294
"Intro to Marxian Economics",https://www.youtube.com/watch?v=mrIcW6MTk3c,long,1,,Wolff,1467328294
"Intro to Marxian Economics",https://www.youtube.com/watch?v=AwYROpNF8fM,long,1,,Wolff,1467328294
"Intro to Marxian Economics",https://www.youtube.com/watch?v=0AthYZIwQ8k,long,1,,Wolff,1467328294
"Intro to Marxian Economics",https://www.youtube.com/watch?v=aJqcWnj1xww,long,1,,Wolff,1467328294
"Crisis and Openings: Introduction to Marxism - Richard D Wolff - YouTube",https://www.youtube.com/watch?v=T9Whccunka4,long,1,,Wolff,1467328294
"Intro to Marxian Economics",https://www.youtube.com/watch?v=iZNtzDPj1mM,long,1,,Wolff,1467328294
"Life in a Japanese Zen monastery - YouTube",https://www.youtube.com/watch?v=BW31YyMeoio,long,1,,Zen,1467328294
"Thich Nhat Hanh - The Art of Mindful Living - Part 1 - YouTube",https://www.youtube.com/watch?v=dDXcIaUKHDU,long,0,,Zen,1467328294
"A Conversation on Zen Buddhism with Bill Porter - YouTube",https://www.youtube.com/watch?v=YajeC8NjqTE,long,0,00h06m00s,Zen,1467328294
"Alan Watts - Zen: direct pointing (Seeing the point) - YouTube",https://www.youtube.com/watch?v=dwbWvWyofQE,short,1,,Watts,1467328294
"What is ZEN ? - Hyon Gak Sunim - YouTube",https://www.youtube.com/watch?v=BFfb2P5wxC0,long,0,00h04m40s,Zen,1467328294
"Alan Watts - Kill God - YouTube",https://www.youtube.com/watch?v=DRt-wYwb2QY,long,1,,Watts,1467328294
"Alan Watts ~ Facing Your Own Shadow - YouTube",https://www.youtube.com/watch?v=efvmPF9UxJ4,long,1,,Watts,1467328294
"Alan Watts - Sex The Pleasurable Punishment - YouTube",https://www.youtube.com/watch?v=rUqZbDaGY4k,long,1,,Watts,1467328294
"Alan Watts - Has Life Meaning? - YouTube",https://www.youtube.com/watch?v=MgB8rKvUjfs,long,1,,Watts,1467328294
"Intro to Marxian Economics",https://www.youtube.com/watch?v=GNrNsKOhonQ,long,1,,Wolff,1467328294
"Manhaeng - PathOfClouds pt1 - YouTube",https://www.youtube.com/watch?v=1LZHAeLZb84,long,1,,Zen,1467328294
"Dream Window: Reflections on the Japanese Garden - YouTube",https://www.youtube.com/watch?v=xWcmuk2tN7M,long,1,,Zen,1467328294
"Intro to Marxian Economics",https://www.youtube.com/watch?v=2ydw-sj_AAs,long,1,,Wolff,1467328294
"Intro to Marxian Economics",https://www.youtube.com/watch?v=sZNDWkRn2Hw,long,1,,Wolff,1467328294
"Intro to Marxian Economics",https://www.youtube.com/watch?v=TRO8htm1MnQ,long,1,,Wolff,1467328294
"Intro to Marxian Economics",https://www.youtube.com/watch?v=t7j6-8FEqgE,long,1,,Wolff,1467328294
"Documentary: Beautiful Japanese Gardens - YouTube",https://www.youtube.com/watch?v=jKpM132sE-Y,long,1,,"Zen,Japan",1467328294
"What is zen? - YouTube",https://www.youtube.com/watch?v=DMkcCJls6XI,short,0,,Zen,1467328294
"Emptiness is NOT nothing - teaching from Thich Nhat Hanh. - YouTube",https://www.youtube.com/watch?v=b-PWjt04g3M,short,1,,"Zen,Thich Nhat Nanh",1467328294
"Martin Luther King, Gandhi are as alive as ever - Thich Nhat Hanh - YouTube",https://www.youtube.com/watch?v=pAIg5gk3TfA,short,1,,"Thich Nhat Nanh",1467328294
"Amongst White Clouds (zen documentary) - YouTube",https://www.youtube.com/watch?v=vALIr2qJTeU,long,0,,Zen,1467328294
"Alan Watts - The General Idea of Zen Buddhism - YouTube",https://www.youtube.com/watch?v=IRez-N9i3gY,short,1,,Watts,1467328284
"Documentary: The Art Of Ikebana - YouTube",https://www.youtube.com/watch?v=QLBjh7GcVyA,long,1,,"Zen,Japan",1467328253
"[NHK Documentary] 1000 Years of Karakami Art - YouTube",https://www.youtube.com/watch?v=G2lSY48U2g0,long,0,,Japan,1467328482
"Adyashanti - A very old Zen koan - YouTube",https://www.youtube.com/watch?v=smxca5jZDBU,long,0,,Zen,1467329164
"Alan Watts ~ The Taoist Way - YouTube",https://www.youtube.com/watch?v=chfVuIq7f2A,long,1,,Watts,1467328284
"Alan Watts - This is Us & How We Are - YouTube",https://www.youtube.com/watch?v=T4YfdMBwzBE,long,1,,Watts,1467328284
"Alan Watts - Mature Adults - YouTube",https://www.youtube.com/watch?v=UNXztDriI3I,long,1,,Watts,1467328284
"How To ENJOY KARMA by Alan Watts | Zen Meditation WisdomTalks - YouTube",https://www.youtube.com/watch?v=xpRCnYhg_vA,long,0,,Watts,1467328284
"Alan Watts ""Biting an Iron Bull"" Eastern & Western Zen (BUDDHIST TEACHING) - YouTube",https://www.youtube.com/watch?v=dIMPH7FkuM8,long,1,,Watts,1467328284
"Socialism For Dummies. - YouTube",https://www.youtube.com/watch?v=ysZC0JOYYWw,long,0,00h04m49s,Wolff,1467581997
"Socialism For Dummies - part 2 - YouTube",https://www.youtube.com/watch?v=HMUuw_K-ky0,long,0,,Wolff,1467582003
"Thich Nhat Hanh's 4 Mantras | Super Soul Sunday | Oprah Winfrey Network - YouTube",https://www.youtube.com/watch?v=UEUxFNkISnU,short,1,,"Thich Nhat Nanh",1467589303
"Thich Nhat Hanh on Compassionate Listening | Super Soul Sunday | Oprah Winfrey Network - YouTube",https://www.youtube.com/watch?v=lyUxYflkhzo,short,1,,"Thich Nhat Nanh",1467589444
"Thich Nhat Hanh about Freedom - YouTube",https://www.youtube.com/watch?v=o9iWwaSC5_0,short,1,,"Zen,Thich Nhat Nanh",1467590199
"Thich Nhat Hanh - Without Fear, Happiness Is Possible - YouTube",https://www.youtube.com/watch?v=6ykZjPyX6w0,short,1,,"Zen,Thich Nhat Nanh",1467590359
"I See You In Me, And Me In You.",https://www.youtube.com/watch?v=azOZ8d0UvVs,short,1,,"Zen,Thich Nhat Nanh",1467591286
"How can I not let my anger explode? - YouTube",https://www.youtube.com/watch?v=AeMYRCv2Kmc,short,1,,"Zen,Thich Nhat Nanh",1467592659
"The Dream Of Life - Alan Watts - YouTube",https://www.youtube.com/watch?v=wU0PYcCsL6o,short,1,,Watts,1467630482
"Alan Watts - Choice - YouTube",https://www.youtube.com/watch?v=D7CH9cRN8Rg,short,1,,Watts,1467630677
"Alan Watts - The acceptance of everything flowing away - YouTube",https://www.youtube.com/watch?v=yaDmv7XrlE8,short,1,,Watts,1467630985
"It Starts Now - Alan Watts - YouTube",https://www.youtube.com/watch?v=PfIYGaslVnA,short,1,,Watts,1467631220
"Noam Chomsky Brilliant Speech At The United Nations - YouTube",https://www.youtube.com/watch?v=MZdZSOZIb6c,long,0,,Chomsky,1467653328
"Noam Chomsky Lessons of Vietnam 1985 FULL Speech (RARE) - YouTube",https://www.youtube.com/watch?v=mMfveM1vrPw,long,1,,Chomsky,1467653361
"Alan Watts ~ What Society Didn`t Teach Us - YouTube",https://www.youtube.com/watch?v=qgJMRmitHpI,long,0,,Watts,1467655830
"Alan Watts Teaches How Skill Leads To Happiness - YouTube",https://www.youtube.com/watch?v=reADV4zdhDg,short,1,,Watts,1467655862
"Alan Watts - Death & Wonder of Silence - YouTube",https://www.youtube.com/watch?v=jinU7eYQTTA,long,1,,Watts,1467656073
"Alan Watts - Give it away and it will come back - YouTube",https://www.youtube.com/watch?v=CXq_mVU8nyc,short,1,,Watts,1467656098
"Alan Watts - Creativity - YouTube",https://www.youtube.com/watch?v=vYBl4FXZm3M,short,0,,Watts,1467656497
"Alan Watts ~ Face Your Problems Head On - YouTube",https://www.youtube.com/watch?v=see2j8i4m_M,long,1,,Watts,1467656561
"Alan Watts - How to melt anxiety - YouTube",https://www.youtube.com/watch?v=z6Pn9u4-pxE,short,1,,Watts,1467656819
"ॐ Relief of Anxiety ॐ ~ Alan Watts - YouTube",https://www.youtube.com/watch?v=9K8fzRvytCM,short,1,,Watts,1467657355
"Richard Feynman The World from another point of view [HD] - YouTube",https://www.youtube.com/watch?v=GNhlNSLQAFE,long,1,,Feynman,1467669590
"Richard Feynman Computer Heuristics Lecture - YouTube",https://www.youtube.com/watch?v=EKWGGDXe5MA,long,0,,Feynman,1467669741
"Alan Watts - Thought - YouTube",https://www.youtube.com/watch?v=by4qqGRrQ8Q,short,1,,Watts,1467720261
"Alan Watts - Am I Free Or Just A Puppet ? - YouTube",https://www.youtube.com/watch?v=tnLEhQXnIzQ,long,0,,Watts,1467720409
"ALAN WATTS; Conversation With Myself (Video) - YouTube",https://www.youtube.com/watch?v=Pe2u9_eqLfA,long,0,,Watts,1467720439
"Alan Watts, Author of 25 Books 50/60s Daughter Anne Watts. - YouTube",https://www.youtube.com/watch?v=1q6qvAbnywA,long,0,,"Anne Watts",1467720565
"Alan Watts ~ Use Your Mind As A Mirror - YouTube",https://www.youtube.com/watch?v=mcq9X4ZZ5DI,long,1,,Watts,1467720669
"Alan Watts - Transcended ego experience (Mysticism and morals) - YouTube",https://www.youtube.com/watch?v=WhOpuY8NO0A,long,0,,Watts,1467720726
"Alan Watts - Who is it that knows there is no ego - YouTube",https://www.youtube.com/watch?v=PZ4_75nT6_M,long,0,,Watts,1467720778
"Alan Watts - Think of Nothing - YouTube",https://www.youtube.com/watch?v=aQ5upMz0_ig,short,1,,Watts,1467720810
"Alan Watts ~ Playing The Fake Jesus - YouTube",https://www.youtube.com/watch?v=trxZkeGwK4k,long,0,,Watts,1467720895
"Trust Us: Alan Watts - Let's Play The Game.mp4 - YouTube",https://www.youtube.com/watch?v=O2ryLDY2gPw,long,1,,Watts,1467720935
"Alan Watts - The Veil of Thoughts (Lecture) - YouTube",https://www.youtube.com/watch?v=iOAYivWXTvQ,long,0,00h00m00s,Watts,1467721147
"Alan Watts - Still the Mind - YouTube",https://www.youtube.com/watch?v=SHLGT2N7QXI,long,1,,Watts,1467721971
"Alan Watts - Power, Control, Desire. - YouTube",https://www.youtube.com/watch?v=Q0zLNeQxJTA,short,1,,Watts,1467722002
"Alan Watts - The Power of Silence 1of3 - YouTube",https://www.youtube.com/watch?v=Yh7DjjPLjd8,long,0,,Watts,1467722054
"Nothing you can do - Alan Watts - YouTube",https://www.youtube.com/watch?v=pyZegAYVcVg,long,1,,Watts,1467722631
"Alan Watts - How do we define ourselves - YouTube",https://www.youtube.com/watch?v=GHItnd6xnaQ,short,1,,Watts,1467722654
"Alan Watts - Ecstasy Of Life - YouTube",https://www.youtube.com/watch?v=uFWCDfymmY4,short,1,,Watts,1467722734
"Alan Watts - Become Totally Involved - YouTube",https://www.youtube.com/watch?v=mkf9WNKFkRA,short,1,,Watts,1467722859
"Alan Watts - Love & Intelligence - YouTube",https://www.youtube.com/watch?v=xDfFlfwl9TM,short,1,,Watts,1467723560
"Interview with Zen Master Bon Soeng - YouTube",https://www.youtube.com/watch?v=E0QQA99AcwU,short,1,,"Zen,Bon Soeng",1467748164
"The Purpose of Zen - YouTube",https://www.youtube.com/watch?v=9-s8HoPaieY,long,0,00h10m35s,"Zen,Bon Soeng",1467748670
"Present! - Zen Failure - YouTube",https://www.youtube.com/watch?v=fyp4pxbTkqo,long,0,,Zen,1467756321
"Be Your Own Therapist - YouTube",https://www.youtube.com/watch?v=nasIq4E9nNg,long,1,,"Zen, Robina Courtin",1467756555
"ZEN ARCHERY - KYUDO - YouTube",https://www.youtube.com/watch?v=bKWNa7toeFE,short,1,,Zen,1467756734
"Happiness when the chocolate runs out with Ven Robina Courtin at Happiness & Its Causes 2015 - YouTube",https://www.youtube.com/watch?v=V0AVXYbuTBQ,short,1,,"Robina Courtin",1467836937
"Richard Fidler in conversation with His Holiness the Dalai Lama at Happiness & Its Causes 2015 - YouTube",https://www.youtube.com/watch?v=n4yiemm9cPs,long,1,,"Dalai Lama",1467855578
"Robina Courtin: Living Radically - The Open Heart - YouTube",https://www.youtube.com/watch?v=uFCneydczmc,long,0,00h01m49s,"Robina Courtin",1467896031
"Mind: The Creator with Ven. Robina Courtin - YouTube",https://www.youtube.com/watch?v=YL_2yXFv-Mk,long,1,,"Robina Courtin",1467897989
"If there is no concrete and independent ""self"", what is the ""self""? (Interview with Ven. Robina) - YouTube",https://www.youtube.com/watch?v=PUpX45Cuvww,short,1,,"Robina Courtin",1467898208
"Kyūdō - YouTube",https://www.youtube.com/watch?v=afs6Q3Q8aqY,long,1,,Zen,1467939365
"Noam Chomsky on CIA Covert Action and the Secret Bombing of Cambodia (1995) - YouTube",https://www.youtube.com/watch?v=F56nW69TAXQ,long,0,,Chomsky,1467992048
"The Fundamentals of Zen Practice - YouTube",https://www.youtube.com/watch?v=_hWvVwL33Ps,short,1,,Zen,1467999528
"Zen Master Wu Kwang on Zen Practice - YouTube",https://www.youtube.com/watch?v=VwptBGn9zSE,short,0,,Zen,1468000360
"Robina Courtin - YouTube",https://www.youtube.com/watch?v=5Kr7F8AV26Y,short,1,,"Robina Courtin",1468077016
"Robina Courtin on Emptiness - YouTube",https://www.youtube.com/watch?v=TRedicQ5NaM,short,1,,"Robina Courtin",1468077056
"Ven. Robina Courtin 2013, D.B emptiness - YouTube",https://www.youtube.com/watch?v=6fb7ZMNYgmo,long,0,,"Robina Courtin",1468077417
"Noam Chomsky on Vietnam, Activism, & Foreign Policy - YouTube",https://www.youtube.com/watch?v=yqEYSq5ZUpY,long,0,,Chomsky,1468082585
"Noam Chomsky Vietnam War Remembered FULL TALK + Q&A - YouTube",https://www.youtube.com/watch?v=k3DwzLjEWWQ,long,0,,Chomsky,1468082610
"Noam Chomsky Why did you bother living - YouTube",https://www.youtube.com/watch?v=diQcyqb9FY4,short,1,,Chomsky,1468082694
"Noam Chomsky What's Your Favorite Tongue Twister - YouTube",https://www.youtube.com/watch?v=FFRRI2PSf44,short,1,,Chomsky,1468082722
"Noam Chomsky explains taxes in 40 seconds - YouTube",https://www.youtube.com/watch?v=ZE7_yurxBNk,short,1,,Chomsky,1468082794
"Noam Chomsky Year 501 to 1992 - YouTube",https://www.youtube.com/watch?v=tDlCe8aioAs,long,0,,Chomsky,1468082832
"Noam Chomsky funny How to talk to women - YouTube",https://www.youtube.com/watch?v=NSSnXX2SAq0,short,1,,Chomsky,1468082936
"Noam Chomsky Critique of Madisonian Democracy - YouTube",https://www.youtube.com/watch?v=uyorQQea5cY,long,1,,Chomsky,1468083033
"Noam Chomsky about the War on Iran 2013 - YouTube",https://www.youtube.com/watch?v=WNnSRR59wPU,short,1,,Chomsky,1468083573
"Noam Chomsky 2013 on Syria, Palestine, Iran and Afghanistan - YouTube",https://www.youtube.com/watch?v=VgjgC9yxnYc,short,0,,Chomsky,1468083630
"Noam Chomsky 2014 A Life of Dissent NEW! - YouTube",https://www.youtube.com/watch?v=TByBK2hwHTQ,long,0,,Chomsky,1468083664
"The Life and Times of Noam Chomsky A Brief History of America's Leading Dissident FULL - YouTube",https://www.youtube.com/watch?v=C7-9GrjloOA,long,0,,Chomsky,1468083726
"On Power Dissent and Racism - A Discussion with Noam Chomsky - YouTube",https://www.youtube.com/watch?v=5adE7kHqTLU,long,0,,Chomsky,1468083760
"Noam Chomsky Advice to Young Students MUST WATCH!! - YouTube",https://www.youtube.com/watch?v=gwrR38ozfrM,short,1,,Chomsky,1468083921
"Noam Chomsky 2014 Advice To Intellectuals - YouTube",https://www.youtube.com/watch?v=PJSVpYEctis,short,0,,Chomsky,1468083957
"Noam Chomsky - The Alternative to Capitalism - YouTube",https://www.youtube.com/watch?v=RUzquEya6Lw,short,1,,Chomsky,1468084484
"What Is Anarchism? Noam Chomsky on Capitalism, Socialism, Free Markets (2013) - YouTube",https://www.youtube.com/watch?v=yccBBzSHFAM,long,1,,Chomsky,1468084880
"Noam Chomsky on stupid people - YouTube",https://www.youtube.com/watch?v=olbbhTSwDIk,short,1,,Chomsky,1468085043
"Obama is worse than George Bush and Tony Blair says Noam Chomsky - YouTube",https://www.youtube.com/watch?v=8mA4HYTO790,short,1,,Chomsky,1468085108
"Chomsky on ""Football and other Sports"" (Funny) - YouTube",https://www.youtube.com/watch?v=VA5jOdPiZWI,short,1,,Chomsky,1468085368
"Everyone Is a Slave - YouTube",https://www.youtube.com/watch?v=6yFZ1QIEoUo,short,0,,Chomsky,1468085667
"ZEN ARCHERY with BODHIHANNA on Vimeo",https://vimeo.com/122560056,long,0,,Zen,1468122553
"Alan Watts - A Skilled Person Lives on 2 Levels (the Information-Bomb!) - YouTube",https://www.youtube.com/watch?v=eoPbjXJY5DI,long,1,,Watts,1468128816
"YOU are your worst enemy - Alan Watts - YouTube",https://www.youtube.com/watch?v=gf0Gqbs_cfw,long,1,,Watts,1468130892
"Time in the Future - Alan Watts - YouTube",https://www.youtube.com/watch?v=nx64RabDoUo,long,1,,Watts,1468182402
"Kyudo as a low impact activity on Vimeo",https://vimeo.com/13660927,short,1,,Zen,1468235981
"Hearing with the eyes, seeing with the ears on Vimeo",https://vimeo.com/7312114,long,1,,Zen,1468238270
"MASTER WU NANFANG and SHAOLIN WUGULUN KUNG FU on Vimeo",https://vimeo.com/18911353,long,1,,Zen,1468238828
"Noam Chomsky - The Right Turn - Audio only - YouTube",https://www.youtube.com/watch?v=nf_akyOXOUk,long,0,,Chomsky,1468250723
"The process of discovery explained (John Daido Loori) - YouTube",https://www.youtube.com/watch?v=aypweDjVHV4,short,1,,"John Daido Loori",1468261627
"It Is You - From Esessiantial Zen | John Daido Loori - YouTube",https://www.youtube.com/watch?v=by-WLOA215U,short,1,,Zen,1468262745
"Zen Master: John Daido Loori Roshi - YouTube",https://www.youtube.com/watch?v=hwHB-r7twW8,long,0,00h03m44s,"John Daido Loori",1468263458
"Alan Watts - Lao Tzu's Tao Te Ching - YouTube",https://www.youtube.com/watch?v=BXF2WhbaOhE,long,0,,Watts,1468263964
"Alan Watts - Polar Thinking - YouTube",https://www.youtube.com/watch?v=PFGs6mXhNew,long,1,,Watts,1468263989
"Alan Watts: Love & Marriage - YouTube",https://www.youtube.com/watch?v=oe5tWw0ndJs,long,0,,Watts,1468264075
"Alan Watts - ""Sex"" - The Ultimate Sin - YouTube",https://www.youtube.com/watch?v=u_u9mAynZcU,long,0,,Watts,1468264102
"Alan Watts ~ Stop Playing The Innoncent Role - YouTube",https://www.youtube.com/watch?v=G3Q-Cu52k5A,long,0,,Watts,1468264560
"Alan Watts - Give it away and it will come back - YouTube",https://www.youtube.com/watch?v=CXq_mVU8nyc,short,1,,Watts,1468264593
"Alan Watts - Don't Try - YouTube",https://www.youtube.com/watch?v=Q-tRXsteuRA,short,1,,Watts,1468265023
"Alan Watts: Suicide - YouTube",https://www.youtube.com/watch?v=f_HkQ4-x4P4,short,1,,Watts,1468265038
"Alan Watts - The Myth of Ourselves - YouTube",https://www.youtube.com/watch?v=bf9CKlKBhz8,long,0,,Watts,1468265136
"Alan Watts - Sleep & Bombardment of Awareness - YouTube",https://www.youtube.com/watch?v=SGZrJZ24kUY,long,1,,Watts,1468265158
"Alan Watts - The Fear Of Becoming Totally Involved - YouTube",https://www.youtube.com/watch?v=mkf9WNKFkRA,short,1,,Watts,1468265490
"Alan Watts - You Are The Universe - YouTube",https://www.youtube.com/watch?v=B7ufX3VaTJc,short,1,,Watts,1468299740
"Alan Watts - Existence - YouTube",https://www.youtube.com/watch?v=VhDSC1lO5c8,short,1,,Watts,1468299891
"Reality is Gorgeous -- ALAN WATTS - YouTube",https://www.youtube.com/watch?v=9nsjAOchF7M,short,1,,Watts,1468299924
"How To Get Out of Your Own Way and Start Living - Alan Watts (lecture) - YouTube",https://www.youtube.com/watch?v=tq1V86J3ROo,long,0,,Watts,1468356572
"Alan Watts - Stop believing the Myths - YouTube",https://www.youtube.com/watch?v=Yuy0duwh9C0,long,1,,Watts,1468356606
"Alan Watts - Want to know how risky life is ? (New) - YouTube",https://www.youtube.com/watch?v=pWZeftvwqc4,long,1,,Watts,1468356638
"Alan Watts - Don't attach to things, only People - YouTube",https://www.youtube.com/watch?v=1yDUGhp6kw8,long,0,,Watts,1468356670
"Seeing Through the Mirage - Alan Watts - YouTube",https://www.youtube.com/watch?v=ib99HPPQiFg,long,1,,Watts,1468356760
"Alan Watts on money, possessions and lifestyle - YouTube",https://www.youtube.com/watch?v=9NwjEnx_O60,short,1,,Watts,1468385547
"Alan Watts - You Must Do It in Order To Understand It - YouTube",https://www.youtube.com/watch?v=YCJsgb_enWs,long,1,,Watts,1468385783
"Alan Watts - Why Life Is An Important Game - YouTube",https://www.youtube.com/watch?v=Gzoyfj6ddPs,long,0,,Watts,1468415947
"Alan Watts ~ The Process Of Life - YouTube",https://www.youtube.com/watch?v=gdTrX4c69Bk,long,1,,Watts,1468415950
"Alan Watts - How to Teach Life as a Game (Through Osmosis) - YouTube",https://www.youtube.com/watch?v=osEVlaMX6t4,long,0,,Watts,1468415954
"Alan Watts - The profoundest meaning - YouTube",https://www.youtube.com/watch?v=mCcM1VkcEHg,long,1,,Watts,1468415990
"Alan Watts - You Gotta Say Yes To Life - YouTube",https://www.youtube.com/watch?v=QmlBG8zdhXE,short,1,,Watts,1468419520
"Alan Watts - Life As A Problem To Be Solved - YouTube",https://www.youtube.com/watch?v=IGOhLdXGRLA,long,1,,Watts,1468419780
"Alan Watts - The Illusion of the Self - YouTube",https://www.youtube.com/watch?v=flSiyJB6iZ4,short,1,,Watts,1468419830
"ALan Watts - The Great Myth of Self - YouTube",https://www.youtube.com/watch?v=39oGOraeL8M,long,1,,Watts,1468419951
"Alan Watts: The Ego - YouTube",https://www.youtube.com/watch?v=JBcj3rivOEk,short,1,,Watts,1468419995
"Alan Watts: Appreciating Your Fears - YouTube",https://www.youtube.com/watch?v=q77rZhMafe0,short,1,,Watts,1468420352
"Alan Watts: Escaping Reality - YouTube",https://www.youtube.com/watch?v=9Z7lv2qn2g8,short,1,,Watts,1468420374
"Alan Watts: Analytical Thinking (Act Without Thinking) - YouTube",https://www.youtube.com/watch?v=S18KUmPjRdg,short,1,,Watts,1468421241
"Economic Crisis and Globalization - Richard D. Wolff Lecture 1 - YouTube",https://www.youtube.com/watch?v=71aM4LGHlYk,long,1,,Wolff,1468596290
"Alan Watts: Two Kinds of Consciousness - YouTube",https://www.youtube.com/watch?v=Ex0G1Wm9MCk,short,0,,Watts,1468611774
"Alan Watts~ Silence & Reality - YouTube",https://www.youtube.com/watch?v=26971uJuQuk,long,1,,Watts,1468611794
"Zen and Japanese Gardens (2010, Japan) on Vimeo",https://vimeo.com/76029697,short,1,,Zen,1468615295
"Walking the Zen Christian Path on Vimeo",https://vimeo.com/4061427,long,0,,Zen,1468618990
"What is Zen Buddhism? - YouTube",https://www.youtube.com/watch?v=Q72vBcymFdI,long,1,,Zen,1468675803
"Change your Mind Change your Brain: The Inner Conditions... - YouTube",https://www.youtube.com/watch?v=peA6vy0D5Bg,long,1,,Zen,1468678357
"Economic Crisis and Globalization - Richard D. Wolff Lecture 2 - YouTube",https://www.youtube.com/watch?v=NIdlbosN7e4,long,1,,Wolff,1468686589
"Buddhism for Dummies - Impermanence - YouTube",https://www.youtube.com/watch?v=kW5x3Yc6n0w,short,0,,Zen,1468692398
"Emp - ti - ness - Wisdom of Emptiness - a Buddhist lecture - YouTube",https://www.youtube.com/watch?v=_eiSiNYs2eY,long,0,,Zen,1468692679
"There are NO! Mistakes by Alan Watts - YouTube",https://www.youtube.com/watch?v=aGpyjeq93K8,short,1,,Watts,1468692875
"Alan Watts - You're the Stream Itself - YouTube",https://www.youtube.com/watch?v=NG71J8qO7ik,long,0,,Watts,1468693093
"Alan Watts - You Work on Hunch (with rare footage) - YouTube",https://www.youtube.com/watch?v=UQ6uvBx9iMc,short,1,,Watts,1468693130
"Alan Watts - The Mirror IS the Void - YouTube",https://www.youtube.com/watch?v=FppEd1RDNHc,short,1,,Watts,1468693260
"Alan Watts - How to Leave an Insane Asylum - YouTube",https://www.youtube.com/watch?v=wSyXDLYiFlU,long,0,00h14m55s,Watts,1468693655
"Alan Watts~ Emptiness - YouTube",https://www.youtube.com/watch?v=cgNpU9mvzLM,long,1,,Watts,1468698956
"Alan Watts - The World As Emptiness [Part 1] [HQ] - YouTube",https://www.youtube.com/watch?v=0d8rv49LwiA,long,1,,Watts,1468760676
"Alan Watts ~ Looking Within , I Discover Myself - YouTube",https://www.youtube.com/watch?v=iZuQ6kp6gyk,long,1,,Watts,1468867491
"Alan Watts: The Void (1959) [full length] - YouTube",https://www.youtube.com/watch?v=1PFxAiVwfis,long,0,,Watts,1468871152
"Alan Watts ~ The Source Of Light Is In The I - YouTube",https://www.youtube.com/watch?v=bndTH4YEstY,long,0,,Watts,1468871268
"Alan Watts - Sudden Enlightenment - YouTube",https://www.youtube.com/watch?v=LlAQaakSEzE,long,0,,Watts,1468871288
"Alan Watts - ""Good vs. Evil"" is a Stupid Dichotomy.. Don't Strive for Mediocrity - YouTube",https://www.youtube.com/watch?v=DPqLc6Pm43g,long,1,,Watts,1468871405
"Alan Watts - What are the secrets to Buddhism ? - YouTube",https://www.youtube.com/watch?v=UhaoQJEr7Ow,long,1,,Watts,1468935462
"Alan Watts - Train your mind for Success - YouTube",https://www.youtube.com/watch?v=FyRmt2Xfdd0,long,1,,Watts,1468935506
"Alan Watts - Live without Fear - YouTube",https://www.youtube.com/watch?v=rJA0QICCbhE,long,0,,Watts,1468940229
"The Joke of Death - Alan Watts - YouTube",https://www.youtube.com/watch?v=1uNev0IMr4A,long,1,,Watts,1468940301
"Fundamentals of Buddhism ( Reality, Suffering, Pleasure ) - Alan Watts - YouTube",https://www.youtube.com/watch?v=tcj8_kWzdQk,long,1,,Watts,1468940352
"Economic Crisis and Globalization - Richard D. Wolff Lecture 3 - YouTube",https://www.youtube.com/watch?v=ZLy2K8kuDDk,long,1,,Wolff,1468952721
"Alan Watts - Being in the Right State of Mind - YouTube",https://www.youtube.com/watch?v=SAOssD4BjfI,long,1,,Watts,1468961897
"Alan Watts~ Nature of Consciousness! - YouTube",https://www.youtube.com/watch?v=lxFB9YSFyJE,long,0,00h00m00s,Watts,1468962070
"Alan Watts - Life Lessons Kept Hidden From You - YouTube",https://www.youtube.com/watch?v=8Z0mJ8kzqBI,long,0,,Watts,1469022620
"Alan Watts - Working for the benefit of others - YouTube",https://www.youtube.com/watch?v=uviF9ikaLRY,long,1,,Watts,1469022659
"Alan Watts - A new way to look at Time - YouTube",https://www.youtube.com/watch?v=8gU06yAXjqE,long,0,,Watts,1469022700
"Alan Watts - We live in a world of duality. What side are you ? - YouTube",https://www.youtube.com/watch?v=otcjbvTyGAo,long,1,,Watts,1469022731
"Alan Watts - We are one Organism - YouTube",https://www.youtube.com/watch?v=eKcwWgEciJQ,long,1,,Watts,1469026921
"Alan Watts (Essential Lecture Series) ""Mind Over Mind"" - YouTube",https://www.youtube.com/watch?v=YGyZ75sVn-c,long,1,,Watts,1469026956
"Alan Watts (Essential Lecture Series) ""Philosophy of Nature"" - YouTube",https://www.youtube.com/watch?v=2amiErrJKhg,long,0,00h00m00s,Watts,1469026996
"Alan Watts: Purposelessness (Taoism) - YouTube",https://www.youtube.com/watch?v=bl5J-229AOg,short,0,,Watts,1469049011
"Alan Watts - Passivity as natural state /The primal ignorance/ - Tao/Taoism - YouTube",https://www.youtube.com/watch?v=wjJhVvd7aps,long,1,,Watts,1469049044
"Alan Watts ~ Your Own Hunger Is What`s Preventing From Getting What You Want - YouTube",https://www.youtube.com/watch?v=2-RnbpjI1yM,long,1,,Watts,1469049074
"Alan Watts ~ What Is Your Rush In Life , Relax - YouTube",https://www.youtube.com/watch?v=Jt56yoq-qik,long,0,,Watts,1469049120
"Alan Watts ~ Living Life Free Of Attachments - YouTube",https://www.youtube.com/watch?v=D8SDtdtc1nw,long,1,,Watts,1469049141
"Alan Watts ~ Stop Blaming The World For Your Excuses - YouTube",https://www.youtube.com/watch?v=4za48wj-xSg,long,0,,Watts,1469049166
"Alan Watts ~ You Are What Happens To You - YouTube",https://www.youtube.com/watch?v=ViiDGWK1CHU,long,1,,Watts,1469049206
"Alan Watts ~ The Whole World Depends On You - YouTube",https://www.youtube.com/watch?v=WgIe1aQTYSg,long,1,,Watts,1469049224
"Buddhism Explained By Alan Watts - YouTube",https://www.youtube.com/watch?v=ukeK8uimkKE,long,0,,Watts,1469049252
"Alan Watts~ The Art of Meditation - YouTube",https://www.youtube.com/watch?v=-TjCZRutOKY,long,0,,Watts,1469049275
"Alan Watts - The Middle Way - YouTube",https://www.youtube.com/watch?v=29uNbmO9zYs,long,0,,Watts,1469049299
"Alan Watts - Essence of Buddhism - YouTube",https://www.youtube.com/watch?v=OIkIvM8XxhU,long,0,,Watts,1469049330
"Alan Watts - Buddhism as the Essence of Hinduism - YouTube",https://www.youtube.com/watch?v=i9ZnXrTRheY,long,0,,Watts,1469049361
"Alan Watts ~ Life - YouTube",https://www.youtube.com/watch?v=10kIX4yW1-A,long,0,,Watts,1469049379
"Seeing into the Tao + The Way of Karma (Rare 1965 Lecture @ Big Sur, CA) - YouTube",https://www.youtube.com/watch?v=4DKNeG5pyyg,long,0,00h00m00s,Watts,1469049815
"Alan Watts - Compassion instead of power - YouTube",https://www.youtube.com/watch?v=RANRVPQDbwQ,short,0,,Watts,1469050053
"Alan Watts - Being Completely Here And Now - YouTube",https://www.youtube.com/watch?v=YVjcoh12UuU,short,1,,Watts,1469050078
"Alan Watts - Let It Happen - YouTube",https://www.youtube.com/watch?v=kWyy_WXHk9U,long,0,,Watts,1469050109
"Living the Uncalculated Life--Alan Watts - YouTube",https://www.youtube.com/watch?v=112Za-MVjYA,short,0,,Watts,1469073938
"Alan Watts - What do you want? - YouTube",https://www.youtube.com/watch?v=fGHfaYY_1jk,long,0,,Watts,1469073960
"Alan Watts - We are all basically nothing - YouTube",https://www.youtube.com/watch?v=9mUaZxLpdOQ,short,0,,Watts,1469074245
"The Road to HERE ~ Alan Watts - YouTube",https://www.youtube.com/watch?v=KCInjQ4omlA,short,1,,Watts,1469074440
"Alan Watts - Desire - YouTube",https://www.youtube.com/watch?v=G7uigXd4Py8,short,1,,Watts,1469074493
"Desirelessness - Alan Watts - YouTube",https://www.youtube.com/watch?v=bPVKRMEE2gY,short,1,,Watts,1469118981
"The Nature of Selfishness ~ Alan Watts - YouTube",https://www.youtube.com/watch?v=W6BbL-vqN0c,short,0,,Watts,1469119013
"Alan Watts: Death - YouTube",https://www.youtube.com/watch?v=K0mdOvNEUiA,long,0,,Watts,1469122109
"Alan Watts: Time - Pt. 1 of 2 - YouTube",https://www.youtube.com/watch?v=PlGL0RsQvaw,long,0,,Watts,1469122139
"Alan Watts - Mystery of Time - YouTube",https://www.youtube.com/watch?v=Af85afJIeBo,long,0,,Watts,1469122163
"Alan Watts: The Silent Mind - Pt. 1 of 2 - YouTube",https://www.youtube.com/watch?v=fsFHokJzLrA,long,0,,Watts,1469122191
"Alan Watts ~The Architecture Of Insecurity - YouTube",https://www.youtube.com/watch?v=b6Fvp8XyJys,long,1,,Watts,1469122213
"Alan Watts- Escaping the tangle - YouTube",https://www.youtube.com/watch?v=jBkXxvc4gao,long,1,,Watts,1469123321
"The Trap Of Seeking- Alan Watts - YouTube",https://www.youtube.com/watch?v=J8aIYX0TKxQ,short,0,,Watts,1469123359
"A Listening Meditation - Alan Watts - YouTube",https://www.youtube.com/watch?v=7HYY4eitC9c,short,0,,Watts,1469123403
"Alan Watts - Clinging - YouTube",https://www.youtube.com/watch?v=a1ZUC3SfZYk,short,1,,Watts,1469123881
"Alan Watts - The Middle Way 1 - YouTube",https://www.youtube.com/watch?v=Akr4G2vt77E,long,0,,Watts,1469123927
"Alan Watts - The River - YouTube",https://www.youtube.com/watch?v=kO609o3KZak,short,1,,Watts,1469123985
"Alan Watts: The Real Purpose of Doing Anything - YouTube",https://www.youtube.com/watch?v=QPh4sC_Oy0U,long,1,,Watts,1469125034
"Alan Watts: Business - YouTube",https://www.youtube.com/watch?v=ZKInjcrJc8E,long,0,,Watts,1469125078
"Alan Watts - Why a belief in God Reflects a Lack of Faith (One of my favorite lectures) - YouTube",https://www.youtube.com/watch?v=Af815ksm4RU,long,0,,Watts,1469125119
"Power--Alan Watts - YouTube",https://www.youtube.com/watch?v=fEWeZEbMxBE,short,1,,Watts,1469125150
"Alan Watts ~ A Lullaby For Big Kids - YouTube",https://www.youtube.com/watch?v=zlZ0ulQ92uI,short,0,,Watts,1469125456
"Alan Watts - Every Incarnation Is This One - YouTube",https://www.youtube.com/watch?v=clee4UHHKcI,long,0,,Watts,1469125531
"Alan Watts: Pain - Pt. 1 of 2 - YouTube",https://www.youtube.com/watch?v=9FnxyFd6oW0,long,1,,Watts,1469125557
"Alan Watts: The Life Of Zen - Pt. 1 of 2 - YouTube",https://www.youtube.com/watch?v=jyVAl4leK6g,long,1,,Watts,1469126984
"Alan Watts: Pain - Pt. 2 of 2 - YouTube",https://www.youtube.com/watch?v=17gPzfi_B1A,long,1,,Watts,1469127093
"Alan Watts - Meditation - YouTube",https://www.youtube.com/watch?v=JHCJoWikp5E,long,1,,Watts,1469127170
"Alan Watts: The Void - Pt. 1 of 2 - YouTube",https://www.youtube.com/watch?v=BV3iLso-GTk,long,1,,Watts,1469127984
"Alan Watts: On Being Vague - Pt 1 of 2 - YouTube",https://www.youtube.com/watch?v=ZgBo6UeImBA,long,1,,Watts,1469128020
"Alan Watts: Law And Order - Pt. 1 of 2 - YouTube",https://www.youtube.com/watch?v=Nm6FM28d9_U,long,0,,Watts,1469128043
"Alan Watts: Things and Thinks - Pt. 1 of 2 - YouTube",https://www.youtube.com/watch?v=8gol8Ifi2ew,long,1,,Watts,1469128078
"Alan Watts: Discipline Of Zen - Pt 1 of 2 - YouTube",https://www.youtube.com/watch?v=LkhfbE2R5jQ,long,1,,Watts,1469128131
"Alan Watts: Discipline Of Zen - Pt. 2 of 2 - YouTube",https://www.youtube.com/watch?v=LJ4gem0Nd7U,long,1,,Watts,1469128190
"Alan Watts: The Life Of Zen - Pt. 2 of 2 - YouTube",https://www.youtube.com/watch?v=rHrFmPm1f84,long,1,,Watts,1469131197
"Alan Watts - Learn To Swim - YouTube",https://www.youtube.com/watch?v=g7C0IVecAXI,short,1,,Watts,1469159897
"Alan Watts Go Over The Waterfall - YouTube",https://www.youtube.com/watch?v=WldM-8GrvYg,short,1,,Watts,1469160168
"Alan Watts There Is No Name For It - YouTube",https://www.youtube.com/watch?v=GweZskMxsF0,short,1,,Watts,1469160447
"Alan Watts - The Fear Of Becoming Totally Involved - YouTube",https://www.youtube.com/watch?v=mkf9WNKFkRA,short,1,,Watts,1469160501
"Alan Watts - Having Fun - YouTube",https://www.youtube.com/watch?v=xn85vztvtmo,short,1,,Watts,1469160858
"Alan Watts - How to Find Happiness in Life - YouTube",https://www.youtube.com/watch?v=3srWlNHZbqU,short,1,,Watts,1469161191
"Alan Watts - Everything Is Temporary - YouTube",https://www.youtube.com/watch?v=6RYJKRf_bOU,short,1,,Watts,1469161471
"Alan Watts ~ The Space (Universe) You Don`t See Within You - YouTube",https://www.youtube.com/watch?v=-Ey3JFdwqJo,long,1,,Watts,1469273874
"Alan Watts - Cultural vs. Natural Behavior - YouTube",https://www.youtube.com/watch?v=gRi1CzHQMPk,long,1,,Watts,1469273901
"Alan Watts: Things and Thinks - Pt. 2 of 2 - YouTube",https://www.youtube.com/watch?v=9cR0U20wnIw,long,1,,Watts,1469308588
"Alan Watts: Law And Order - Pt. 2 of 2 - YouTube",https://www.youtube.com/watch?v=wfRF-5EGAOk,long,0,,Watts,1469310404
"Alan Watts - The Tao Te Ching - YouTube",https://www.youtube.com/watch?v=-6CdFfcJNW8,long,0,,Watts,1469364471
"Alan Watts - Understanding Polarities - YouTube",https://www.youtube.com/watch?v=qvyCFvDMIgw,long,1,,Watts,1469364540
"Alan Watts ~ Stop Competing With Yourself - YouTube",https://www.youtube.com/watch?v=T2JIeRITBXo,long,1,,Watts,1469388213
"Alan Watts: Making Decisions - YouTube",https://www.youtube.com/watch?v=N4UOvtPcl6I,long,1,,Watts,1469388261
"Alan Watts: Making Decisions - Part 2 - YouTube",https://www.youtube.com/watch?v=Nv5CL7C4Tp8,long,1,,Watts,1469388277
"EASTERN PHILOSOPHY - Sen no Rikyu - YouTube",https://www.youtube.com/watch?v=ZpE-XL0u5yI,short,1,,Zen,1469400828
"Going Back to the Source: Classical Philosophy and Zen - YouTube",https://www.youtube.com/watch?v=ExkbzjWk6A4,short,1,,Zen,1469401276
"Zen for Absolute Beginners 184: Philosophy & Beyond - YouTube",https://www.youtube.com/watch?v=d_2qdptBxyc,long,0,,Zen,1469401577
"Ten Bulls of Zen. Pure awareness - YouTube",https://www.youtube.com/watch?v=ZNplaTTvqko,short,1,,Zen,1469401650
"What is the Real Addiction?",https://www.youtube.com/watch?v=i3VyTKxtNFY,short,0,,Zen,1469401959
"2016-04-23 Ramana Maharshi Foundation UK: discussion with Michael James - YouTube",https://www.youtube.com/watch?v=rToxPytMgaQ,long,0,,Zen,1469402845
"EASTERN PHILOSOPHY - Lao Tzu - YouTube",https://www.youtube.com/watch?v=dFb7Hxva5rg,short,1,,Zen,1469403266
"How to See a Tree Straight (Ikyu the Zen Master): Alan Watts - YouTube",https://www.youtube.com/watch?v=X8B3J3cGmDw,short,1,,Watts,1469446365
"ZEN Story on Bodhidharma: Alan Watts - YouTube",https://www.youtube.com/watch?v=y2Zai98o81E,short,1,,Watts,1469446508
"ZEN Story— The Tree Branch: Alan Watts - YouTube",https://www.youtube.com/watch?v=BmTtcbFl_30,short,1,,Watts,1469446566
"Alan Watts - Zen Tales: P'ing T'ing Comes For Fire - YouTube",https://www.youtube.com/watch?v=0whyC4Uouvo,short,1,,Watts,1469446621
"Alan Watts There Is No Name For It - YouTube",https://www.youtube.com/watch?v=GrqodJ5hJGU,short,1,,Watts,1469453318
"Alan Watts - Death & Your Dissolution - YouTube",https://www.youtube.com/watch?v=NffeosIaH_Y,short,1,,Watts,1469453540
"Alan Watts ~ Using Space To Find Oneself - YouTube",https://www.youtube.com/watch?v=2oRp6Tu5Sz8,long,0,00h41m10s,Watts,1469482405
"Alan Watts on Carl Jung - YouTube",https://www.youtube.com/watch?v=Jr_20uEVOiE,long,1,,Watts,1469541213
"Two Zen Monks Crossing a River: ALAN WATTS - YouTube",https://www.youtube.com/watch?v=03LkZuaVqeg,short,1,,Watts,1469567174
"Alan Watts on the ultimate question The Nature Of Conscious - YouTube",https://www.youtube.com/watch?v=G9apzA6ZeXo,long,0,,Watts,1469567214
"Alan Watts - Preparation vs Participation - YouTube",https://www.youtube.com/watch?v=RWBwjXu2KgE,long,1,,Watts,1469567242
"Alan Watts - Why We Love others more than we love ourselves - YouTube",https://www.youtube.com/watch?v=B1_Zz1CkunI,long,0,,Watts,1469567268
"Rinzai's: Nothing further to seek - YouTube",https://www.youtube.com/watch?v=4XyQDTYYlYI,long,0,00h12m16s,Zen,1469567314
"Teachings of Zen Master Linji - YouTube",https://www.youtube.com/watch?v=C9qfvBzqjuE,long,0,,Zen,1469567369
"Alan Watts ~ Cultivating The level Of Detachment - YouTube",https://www.youtube.com/watch?v=WWm2eQzjzNY,long,0,00h00m00s,Watts,1469567422
"Alan Watts ~ The Four Ways To Center - YouTube",https://www.youtube.com/watch?v=wiA7UFaFNA0,long,0,,Watts,1469567463
"Alan Watts ~ Wake Up ~ Stop Sleeping Through Life - YouTube",https://www.youtube.com/watch?v=QrBqzcZBCd0,long,0,00h00m00s,Watts,1469567506
"The mountain is the mountain - YouTube",https://www.youtube.com/watch?v=kr5tNBlUSRk,long,0,,Zen,1469567721
"Zazen Ritual & Practice - YouTube",https://www.youtube.com/watch?v=H5b-w5XrkxY,long,0,,Zen,1469567765
"Alan Watts 'Early Chinese Zen' - YouTube",https://www.youtube.com/watch?v=796yg18Iec8,long,0,00h00m00s,Watts,1469567875
"Alan Watts 'Images Of God' - YouTube",https://www.youtube.com/watch?v=LO4UNYdadgg,long,0,,Watts,1469567982
"Alan Watts 'Who Am I, Myth Of Myself' - YouTube",https://www.youtube.com/watch?v=jJGqecUUsHk,long,0,00h00m00s,Watts,1469568047
"Alan Watts 'Zen & The Limits Of Explanation' - YouTube",https://www.youtube.com/watch?v=c9wmNraFLFM,long,1,,Watts,1469568133
"The problem - Alan Watts - YouTube",https://www.youtube.com/watch?v=mqp9JlqRd7o,short,1,,Watts,1469611755
"Alan Watts - The acceptance of everything flowing away - YouTube",https://www.youtube.com/watch?v=yaDmv7XrlE8,short,1,,Watts,1469611966
"Alan Watts - Let go of controlling everything - YouTube",https://www.youtube.com/watch?v=3Qptyt0-S9U,short,1,,Watts,1469611991
"Allan Watts ~ Black And White View Of The World - YouTube",https://www.youtube.com/watch?v=Z_1TYrW5vEA,long,1,,Watts,1469646429
"Alan Watts - Teaches Yoga (probably the most relaxing half hour I've ever listened to) - YouTube",https://www.youtube.com/watch?v=vRAcUzqZ-RI,long,1,,Watts,1469648126
"Alan Watts - Veil That Conceals Reality - YouTube",https://www.youtube.com/watch?v=1Dg7VlvvM88,long,1,,Watts,1469649950
"Alan Watts - Not What Should Be But What Is - YouTube",https://www.youtube.com/watch?v=lCQcUeW4XyY,long,1,,Watts,1469650000
"Alan Watts Wisdom Of the Mountain Full W Music Ludovico Einaudi Time Lapse Live From Home - YouTube",https://www.youtube.com/watch?v=QacpHHq7aZU,long,1,,Watts,1469664644
"Alan Watts ~ How Not To Use The Mind - YouTube",https://www.youtube.com/watch?v=6R9sEWXIiQU,long,1,,Watts,1469713886
"Alan Watts * Worry, Disease, Depression and the Mind. - YouTube",https://www.youtube.com/watch?v=ChGUVLSpWh4,sort,1,,Watts,1469714817
"Alan Watts - Out of Your Mind - YouTube",https://www.youtube.com/watch?v=mu0CogsXSKA,short,1,,Watts,1469715081
"Alan Watts No Mind No Self - YouTube",https://www.youtube.com/watch?v=QG0Ln5UuvTo,short,1,,Watts,1469715283
"Alan Watts - Mind Over Mind - If You Want Life, Don't Cling To It - Jump Rope - YouTube",https://www.youtube.com/watch?v=Mmg3AxCoPU0,short,1,,Watts,1469722459
"Alan Watts - Only A Flexible Mind Can Change The World - YouTube",https://www.youtube.com/watch?v=8dbrV531LBo,short,1,,Watts,1469722608
"Alan Watts On The Unconscious - YouTube",https://www.youtube.com/watch?v=UQUs_7Wq3g8,short,1,,Watts,1469722759
"Alan Watts: Two Kinds of Consciousness - YouTube",https://www.youtube.com/watch?v=Ex0G1Wm9MCk,long,1,,Watts,1469722802
"Alan Watts: Those Who Are In Power - YouTube",https://www.youtube.com/watch?v=hC8-dZbDyPQ,long,1,,Watts,1469736849
"Jiddu Krishnamurti ~ Freedom From Mental Programs - YouTube",https://www.youtube.com/watch?v=I6wkFzt79TE,long,1,,"Zen, Jiddu Krishnamurti",1469747468
"On thought being responsible for confusion - YouTube",https://www.youtube.com/watch?v=Bz7bnNNiEUk,long,1,,"Jiddu Krishnamurti",1469751094
"Alan Watts: Comparative Philosophy- Mind Over Mind - YouTube",https://www.youtube.com/watch?v=vvyiUfToX8c,short,1,,Watts,1469792413
"Alan Watts on the Limits of Language ""One-Track Minds"" - YouTube",https://www.youtube.com/watch?v=SGfk0tzI5OI,short,1,,Watts,1469792592
"Alan Watts - Love Of Wisdom - 1969 Lecture - YouTube",https://www.youtube.com/watch?v=EgWx5tKQ2Vc,long,0,,Watts,1469792634
"Alan Watts: A Conversation with Myself - Part 1 - YouTube",https://www.youtube.com/watch?v=8aufuwMiKmE,long,0,,Watts,1469792739
"Purposeless Living - Alan Watts - YouTube",https://www.youtube.com/watch?v=r8YmqWfNw0I,short,1,,Watts,1469799591
"Jiddu Krishnamurti On Observing Ourselves - YouTube",https://www.youtube.com/watch?v=jOVblLPzJ-E,long,1,,"Jiddu Krishnamurti",1469810993
"Alan Watts - The Taoist Way (Lecture) - YouTube",https://www.youtube.com/watch?v=TObWJt68HGw,long,1,,Watts,1469816112
"You Don't Really Exist. Let me Prove it to You {Alan Watts} - YouTube",https://www.youtube.com/watch?v=uhU_Uw3Yazo,long,1,,Watts,1469816176
"The state of NON Choosing - Alan Watts - YouTube",https://www.youtube.com/watch?v=XjTxa-4BOds,long,1,,Watts,1469817522
"Alan Watts - Ecological Awareness (FULL 3 Hour Lecture) (subtitle: Mysticism) - YouTube",https://www.youtube.com/watch?v=jfNbdINZcBY,long,1,,Watts,1469817546
"Different Images of the World - Alan Watts - YouTube",https://www.youtube.com/watch?v=fRqTIU0Vnmg,long,1,,Watts,1469826293
"The secret of happiness - Alan Watts - Challenge Yourself - YouTube",https://www.youtube.com/watch?v=kNJyT9hCdYA,short,1,,Watts,1469855807
"Alan Watts - The Potato Speaks - YouTube",https://www.youtube.com/watch?v=F4nGuEVs-JA,short,1,,Watts,1469856023
"Alan Watts - Accept Change - YouTube",https://www.youtube.com/watch?v=vITcljRWaQ0,short,1,,Watts,1469856248
"Jiddu Krishnamurti - A Clear And Quiet Mind Can See The Eternal - YouTube",https://www.youtube.com/watch?v=Vpi2H3nahdE,long,1,,"Jiddu Krishnamurti",1469859614
"I have a ten foot wall around me. What do I do? - YouTube",https://www.youtube.com/watch?v=kosnGgGRQjs,long,1,,"Jiddu Krishnamurti",1469860534
"Economic Crisis and Globalization - Richard D. Wolff Lecture 4 - YouTube",https://www.youtube.com/watch?v=5P_W_Q3iZpk,long,1,,Wolff,1469871721
"Economic Crisis and Globalization - Richard D. Wolff Lecture 5 - YouTube",https://www.youtube.com/watch?v=MC0AjIJpMPQ,long,1,,Wolff,1469877902
"Economic Crisis and Globalization - Richard D. Wolff Lecture 6 - YouTube",https://www.youtube.com/watch?v=UUxTdLL78B8,long,1,,Wolff,1469882124
"Alan Watts: The World Is Nonsense - YouTube",https://www.youtube.com/watch?v=S1qIxqeiEr0,long,1,,Watts,1469902468
"Alan Watts - Guided Meditation (Awakening The Mind) - YouTube",https://www.youtube.com/watch?v=jPpUNAFHgxM,long,1,,Watts,1469902510
"Living the Uncalculated Life - Alan Watts - YouTube",https://www.youtube.com/watch?v=sSazYjd6saw,long,1,,Watts,1469903374
"Alan Watts ~When you swim you don't grab hold of the water,because if you do you will sink and drown - YouTube",https://www.youtube.com/watch?v=IsYxX6uBvCg,long,1,,Watts,1469911657
"Social Institutions as Games - Alan Watts - YouTube",https://www.youtube.com/watch?v=To2UY0a08RQ,long,1,,Watts,1469911819
"Time in the Future - Alan Watts - YouTube",https://www.youtube.com/watch?v=nx64RabDoUo,long,1,,Watts,1469913899
"Alan Watts - Why Life Is An Important Game - YouTube",https://www.youtube.com/watch?v=Gzoyfj6ddPs,long,1,,Watts,1469913919
"Alan Watts - You Must Do It in Order To Understand It - YouTube",https://www.youtube.com/watch?v=YCJsgb_enWs,long,1,,Watts,1469913962
"Alan Watts - Art of Teaching - YouTube",https://www.youtube.com/watch?v=MymuDQxcV7I,long,1,,Watts,1469917317
"The Universe's Hidden Secret (Alan Watts) - YouTube",https://www.youtube.com/watch?v=_lKJ3S933iE,long,0,,Watts,1469972006
"Alan Watts - Death Is Only The Beginning - YouTube",https://www.youtube.com/watch?v=m8gR4sQvjt4,long,0,00h00m00s,Watts,1469972115
"Alan Watts ~ A Happy Death - YouTube",https://www.youtube.com/watch?v=SG1tU-piMn4,long,1,,Watts,1469972141
"Alan Watts on Death - YouTube",https://www.youtube.com/watch?v=4kRmcXp3ww8,long,1,,Watts,1469972185
"Alan Watts Teaches Meditation - Controling the Mind - YouTube",https://www.youtube.com/watch?v=_TK44YZcGfU,long,1,,Watts,1469973307
"Alan Watts & You - A Meditation - YouTube",https://www.youtube.com/watch?v=OTvunwYSmgQ,long,1,,Watts,1469973407
"The Hindu OM Meditation: ALAN WATTS (MUST LISTEN!) - YouTube",https://www.youtube.com/watch?v=1G6gyqMgjY8,long,1,,Watts,1469973440
"Alan Watts - The Principles Of Parents To Children - YouTube",https://www.youtube.com/watch?v=_5uptYHsrEs,long,0,,Watts,1469973686
"Alan watts explains Nonduality of Christianity and Jesus - YouTube",https://www.youtube.com/watch?v=9hS4Dp3MG6w,long,0,,Watts,1469973814
"Thich Nhat Hanh - The Art of Mindful Living - Part 1 - YouTube",https://www.youtube.com/watch?v=dDXcIaUKHDU,long,1,,"Thich Nhat Hanh",1470001046
"Thich Nhat Hanh - The Art of Mindful Living - Part 2 - YouTube",https://www.youtube.com/watch?v=JlEqlqzkpT4,long,1,,"Thich Nhat Hanh",1470001083
"Alan Watts - Osvoboďte se - YouTube",https://www.youtube.com/watch?v=tRwMUrEPsu8,short,1,,Watts,1470034963
"Work As Play - Alan Watts - YouTube",https://www.youtube.com/watch?v=8130_-3d3PA,short,1,,Watts,1470039587
"Alan Watts - Our Image of the World (Lecture) - YouTube",https://www.youtube.com/watch?v=7dHiGheszKA,long,1,,Watts,1470098415
"Alan Watts ~ We Are All Here To Learn From Each other - YouTube",https://www.youtube.com/watch?v=jp7x9Tn_tJA,long,0,,Watts,1470098790
"Alan Watts ~ What Is A Feeling ? Why Do We Feel. - YouTube",https://www.youtube.com/watch?v=_-IRvwI81a4,long,1,,Watts,1470098822
"Economic Crisis and Globalization - Richard D. Wolff Lecture 7 - YouTube",https://www.youtube.com/watch?v=s6Rvg0Pwg8E,long,1,,Wolff,1470155623
"Alan Watts - Every Incarnation Is This One [HQ] - YouTube",https://www.youtube.com/watch?v=xJHI7JPO0Z8,long,1,,Watts,1470165990
"All 101 Zen Koans - YouTube",https://www.youtube.com/watch?v=g12vq_J762A,long,0,00h05m00s,Zen,1470173264
"The Book of Lieh-Tzu (FULL Audiobook) - YouTube",https://www.youtube.com/watch?v=NyM8FNWLbiM,long,0,01h22m00s,Zen,1470173472
"TAO or DAO - Laotzu's Tao and Wu Wei - complete unabridged audiobook - TAOISM - YouTube",https://www.youtube.com/watch?v=A_qMBBvTM7Q,long,0,00h00m00s,Zen,1470173501
"Zen Koan: ""Thirty Blows"" Zen Dharma Exchange Ep 8 Pt 3(Zen Master Pohwa Sunim) - YouTube",https://www.youtube.com/watch?v=QT47xuDOyfY,long,0,,Zen,1470174473
"Love: Zen Dharma Exchange Ep 8 Pt 1(Zen Master Pohwa Sunim) - YouTube",https://www.youtube.com/watch?v=8O36u980wvg,long,0,,Zen,1470174537
"Zen Master Dae Bong - TempleStay-17May2015-#11 - YouTube",https://www.youtube.com/watch?v=AAo_RoZAUmU,long,1,,Zen,1470174668
"Alan Watts - You Gotta Say Yes To Life - YouTube",https://www.youtube.com/watch?v=QmlBG8zdhXE,short,1,,Watts,1470212117
"Alan Watts - Outwitting the Devil - YouTube",https://www.youtube.com/watch?v=wAGdinXZjSc,long,1,,Watts,1470212151
"Alan Watts Short Animation - Me, Myself and I - YouTube",https://www.youtube.com/watch?v=ccYyFFennUE,short,1,,Watts,1470212205
"Economic Crisis and Globalization - Richard D. Wolff Lecture 7 - YouTube",https://www.youtube.com/watch?v=s6Rvg0Pwg8E,long,1,,Wolff,1470248921
"How to Change Your Life with Mindful Awareness ~Shinzen Young - YouTube",https://www.youtube.com/watch?v=yExoNZLCjDE,long,0,00h15m23s,"Shinzen Young",1470347079
"Alan Watts Space is the Mind - YouTube",https://www.youtube.com/watch?v=JP8p25AunOU,short,1,,Watts,1470381095
"Alan Watts - The mind doors burst open to see the light - YouTube",https://www.youtube.com/watch?v=oXlCcIIQEek,short,1,,Watts,1470383017
"Alan Watts - How We Define Ourselves - YouTube",https://www.youtube.com/watch?v=bIdKbnxopeE,short,0,,Watts,1470383232
"Alan Watts - Life Is A Dance - YouTube",https://www.youtube.com/watch?v=29atSZKbmS4,short,1,,Watts,1470383253
"Alan Watts ~ The Illusion Of Expectations - YouTube",https://www.youtube.com/watch?v=2I3EpotfwxQ,long,1,,Watts,1470400689
"Alan Watts - This life is not designed for you to be a victim - YouTube",https://www.youtube.com/watch?v=CCs0qP39djk,long,1,,Watts,1470422367
"Alan Watts - Excelent Education for the MIND - YouTube",https://www.youtube.com/watch?v=IRwF3wSsf3k,long,0,,Watts,1470424454
"Alan Watts - Man suffers only because he takes seriously what the gods made for fun - YouTube",https://www.youtube.com/watch?v=68F7t7tSZWs,long,1,,Watts,1470424491
"D.T. Suzuki, the Swordsman & the Cat - YouTube",https://www.youtube.com/watch?v=5ZJ7nKKNfOA,long,1,,"D.T. Suzuki,Zen",1470428257
"Mahayana Buddhism - Alan Watts (1960) - YouTube",https://www.youtube.com/watch?v=5WJ37HxrOmE,long,0,,Watts,1470428281
"Alan Watts: Death (1959) [full length] - YouTube",https://www.youtube.com/watch?v=tGUpYD_Ze_E,long,0,,Watts,1470428330
"Alan Watts: Buddhism and Science (1960) [full length] - YouTube",https://www.youtube.com/watch?v=dzyDTV6EzUs,long,0,,Watts,1470428351
"Alan Watts speaking at UCLA 2/21/1973 - YouTube",https://www.youtube.com/watch?v=Ro0bjhfg4mg,long,0,,Watts,1470428374
"Alan Watts - This I do, that happens to me - YouTube",https://www.youtube.com/watch?v=0MEWWN-qJrA,long,0,00h00m00s,Watts,1470428393
"Alan Watts ~ You Created God In Your Mind - YouTube",https://www.youtube.com/watch?v=dvxTgHHGryc,long,0,,Watts,1470428412
"Jiddu Krishnamurti : The discipline beyond discipline - YouTube",https://www.youtube.com/watch?v=ps5SSHBeDFA,long,1,,"Jiddu Krishnamurti",1470428550
"Jiddu Krishnamurti ~ Freedom From Mental Programs - YouTube",https://www.youtube.com/watch?v=I6wkFzt79TE,long,1,,"Jiddu Krishnamurti",1470428566
"The Quiet Mind by John E. Coleman. Krishnamurti, Maharishi, and D.T. Suzuki Goenka Sayagyi U Ba Khin - YouTube",https://www.youtube.com/watch?v=BVOnBeXGxzk,long,0,,Zen,1470428633
"Alan Watts' 2 MINUTE GUIDE to Meditation - YouTube",https://www.youtube.com/watch?v=kP279RbOYQ0,short,1,,Watts,1470459283
"Alan Watts - Life is Non-Sense - YouTube",https://www.youtube.com/watch?v=WvNdwMkd5HE,short,1,,Watts,1470459302
"Hesitation and Spontaneity - Alan Watts - YouTube",https://www.youtube.com/watch?v=FcuN6gbRCRk,long,1,,Watts,1470459399
"Alan Watts - Don't Be Such a Drag! ...Be a Buddha Instead (here's how) - YouTube",https://www.youtube.com/watch?v=8urGMewxZnQ,long,0,,Watts,1470459428
"Alan Watts - We Are Just Vibrations (everything is moving ... constantly ) - YouTube",https://www.youtube.com/watch?v=ioJQIlfcAw4,long,0,,Watts,1470459472
"Alan Watts ~ We Are All Connected - YouTube",https://www.youtube.com/watch?v=-ovlHczhTQA,long,1,,Watts,1470511415
"Alan Watts - What If Money Was No Object - YouTube",https://www.youtube.com/watch?v=FlGMU3sp00I,short,1,,Watts,1470576753
"CRAVING—The CAUSE of Suffering, By Alan Watts. - YouTube",https://www.youtube.com/watch?v=lr0WbULd7dY,short,1,,Watts,1470576963
"A Teaching From Zen Master Jinen - YouTube",https://www.youtube.com/watch?v=APjXpUnHw20,short,0,,"Zen, Jinen",1470606300
"A Teaching By Zen Master Jinen Part 2 - YouTube",https://www.youtube.com/watch?v=nkSRzaqpOCQ,short,0,,"Zen, Jinen",1470606334
"A Teaching By Zen Master Jinen Part 3 - YouTube",https://www.youtube.com/watch?v=bEffMPYnFoo,short,0,,"Zen, Jinen",1470607221
"A Teaching By Zen Master Jinen Part 4 - YouTube",https://www.youtube.com/watch?v=yI9qeLdQdmE,short,0,,"Zen, Jinen",1470607224
"A Teaching By Zen Master Jinen Part 5 - YouTube",https://www.youtube.com/watch?v=TD9BeX0p4OY,short,0,,"Zen, Jinen",1470607227
"Teaching of Zen Master Linji (2) - YouTube",https://www.youtube.com/watch?v=qhEUieG1Y3c,long,0,00h00m00s,"Zen, Linji",1470607230
"The Zen Teaching of Rinzai 1 20b - YouTube",https://www.youtube.com/watch?v=BsIpI9-U2ZE,long,1,,Zen,1470607304
"David Peters: Korean Zen and ""Don't-Know"" Mind - YouTube",https://www.youtube.com/watch?v=SkRAniKkCPE,long,0,,Zen,1470612367
"Teachings of Zen Master Linji - YouTube",https://www.youtube.com/watch?v=C9qfvBzqjuE,long,1,,"Zen, Linji",1470612408
"Alan Watts - Mental Noise - YouTube",https://www.youtube.com/watch?v=v8UDVuU8ekY,short,1,,Watts,1470662958
"Alan Watts: The Great Problem - YouTube",https://www.youtube.com/watch?v=M0k6Ao3EAyM,short,1,,Watts,1470663047
"Alan Watts - The universe as one big event - YouTube",https://www.youtube.com/watch?v=Lj2CyIFKZ7w,long,1,,Watts,1470750083
"Alan Watts - The Pathetic Fallacy - YouTube",https://www.youtube.com/watch?v=gOAbCCJjD_U,long,1,,Watts,1470750113
"Alan Watts ~ The Universe Looking At Itself Through You - YouTube",https://www.youtube.com/watch?v=R7Iw9W3vVQw,long,1,,Watts,1470750144
"Alan Watts - The Million Masks Of God. - YouTube",https://www.youtube.com/watch?v=uX9Z9V21SwI,long,1,,Watts,1470750177
"Eckhart Tolle - The inner body (An early talk) - YouTube",https://www.youtube.com/watch?v=lDXkj12ymgo,long,0,,"Eckart Tolle",1470750213
"Economic Crisis and Globalization - Richard D. Wolff Lecture 8 - YouTube",https://www.youtube.com/watch?v=gNVvG_9hdNc,long,1,,Wolff,1470764009
"Alan Watts - ""The Future is Absurd, the Universe has no Purpose & Life is a Game"" - YouTube",https://www.youtube.com/watch?v=CGSsF3ihHc8,long,1,,Watts,1470777658
"Alan Watts - Do YOU do it, or does IT do you? - YouTube",https://www.youtube.com/watch?v=7FgVGt96KsM,long,0,00h12m19s,Watts,1470780906
"| Global Capitalism | Professor Economist Richard D. Wolff 2016 • Eric Schocket Lecture • - YouTube",https://www.youtube.com/watch?v=-yDr-kZrP_0,long,1,,Wolff,1470933195
"Shunryu Suzuki: Breathing - YouTube",https://www.youtube.com/watch?v=kzWX9YEXQ-Y,short,0,,Zen,1470950815
"Interview Claude AnShin Thomas - YouTube",https://www.youtube.com/watch?v=9hZ5NWg-kok,long,1,,"Zen, Claude AnShin Thomas",1470951686
"Jiddu Krishnamurti On Observing Ourselves - YouTube",https://www.youtube.com/watch?v=jOVblLPzJ-E,long,1,,"Jiddu Krishnamurti",1470951929
"What does awareness mean - J Krishnamurti - YouTube",https://www.youtube.com/watch?v=pugAHMNRTHQ,long,1,,"Jiddu Krishnamurti",1470951986
"Rare Talks of Jiddu Krishnamurti : The Movement of Thought and Becoming - YouTube",https://www.youtube.com/watch?v=W-75NWflS3M,long,0,01h00m00s,"Jiddu Krishnamurti",1470952025
"Jiddu Krishnamurti Interviewed On Love, Sex & Pleasure. - YouTube",https://www.youtube.com/watch?v=lIe5HOj50uQ,long,0,,"Jiddu Krishnamurti",1470952050
"Claude Anshin Thomas Annual John Cobb Peace Lecture 2013 - YouTube",https://www.youtube.com/watch?v=Rtl-49lELD8,long,1,,"Zen, Claude AnShin Thomas",1470952798
"Claude AnShin Thomas FAU Talk Jupiter, FL March 2013 - YouTube",https://www.youtube.com/watch?v=tCiPOIs14dQ,long,0,,"Zen, Claude AnShin Thomas",1470952990
"Alan Watts - Common Sense - YouTube",https://www.youtube.com/watch?v=inxRu9NFhwE,short,1,,Watts,1470994287
"Alan Watts - The rule of the universe - YouTube",https://www.youtube.com/watch?v=umUdoasd-9E,short,1,,Watts,1470994475
"Alan Watts on Zen, Meditation, and More - YouTube",https://www.youtube.com/watch?v=Vj_E7jcvCP8,short,1,,Watts,1470995513
"Japanese Zen Buddhism and the Impossible Painting - YouTube",https://www.youtube.com/watch?v=iLTpYPM3smU,long,0,,Zen,1471034441
"An Introduction to Japanese Buddhism (7/24/2012) - YouTube",https://www.youtube.com/watch?v=taRphUIQuOw,long,0,,Zen,1471034500
"12B - The Beginnings of Chan (Zen) Painting and Muqi - YouTube",https://www.youtube.com/watch?v=c5S-qgtXDCg,long,0,,Zen,1471034643
"Four Ways of Letting Go | by Ajahn Brahm - YouTube",https://www.youtube.com/watch?v=USC5MJVZLy8,long,0,,Zen,1471034781
"Japanese Zen Buddhism monk visit Manchester to teach Zazen! - YouTube",https://www.youtube.com/watch?v=r1WcEUrbDjs,long,0,,Zen,1471034835
"Kazuaki Tanahashi - The Brush Mind - YouTube",https://www.youtube.com/watch?v=7tmGq_jUmrI,long,0,,Zen,1471034902
"Alan Watts - Falling in Love - ISS Space station Time Lapse video - YouTube",https://www.youtube.com/watch?v=0VaF9aS5oKI,short,1,,Watts,1471098189
"Alan Watts ~ Dancing the Game of Life - YouTube",https://www.youtube.com/watch?v=xTbmRl2pDbY,short,1,,Watts,1471098514
"Alan Watts - The Problem With International Politics [informative and pretty entertaining] - YouTube",https://www.youtube.com/watch?v=b8FQeo_YaI8,long,0,,Watts,1471107133
"Alan Watts - Man and nature (Top talk) (Man in nature) - YouTube",https://www.youtube.com/watch?v=JQHWrCYS8cM,long,1,,Watts,1471107333
"Alan Watts - Why not now ? (2014): Why not now ? (1/3) - YouTube",https://www.youtube.com/watch?v=cMT7f4fs8E8,long,1,,Watts,1471107350
"Claude AnShin Thomas answering interesting Spiritual Questions. 19 July 2013 - YouTube",https://www.youtube.com/watch?v=bJ10G8VFsv0,long,1,,"Claude AnShin Thomas",1471130671
"Claude AnShin Thomas: Waking Up to Compassion in the Face of Aggression - YouTube",https://www.youtube.com/watch?v=KdKxQNlAQhY,long,1,,"Claude AnShin Thomas",1471132728
"Alan Watts - Trust Your Higher Self - YouTube",https://www.youtube.com/watch?v=dAxrzZNSWe0,short,1,,Watts,1471186947
"Alan Watts - We have to live in boxes - YouTube",https://www.youtube.com/watch?v=n2I8ZzFz7ig,short,1,,Watts,1471186972
"Economic Update: Economics of Worker Coops (2016 08.11) - YouTube",https://www.youtube.com/watch?v=hfPDvkk0qe8,long,1,,Wolff,1471192220
"Thich Nhat Hanh:Foundations of Mindfulness - YouTube",https://www.youtube.com/watch?v=HLi6ZuRpsvo,long,0,,"Thich Nhat Hanh",1471230856
"ALAN WATTS - THE MIND IS A VICIOUS CYCLE - YouTube",https://www.youtube.com/watch?v=HXIHT7CKY2s,short,1,,Watts,1471272895
"2014 11 19 Joseph Goldstein - ""Mindfulness: What it is and is Not"" - YouTube",https://www.youtube.com/watch?v=3Uqoxo_jPXQ,long,0,,Zen,1471283705
"Getting Out of Your Own Way | Dharma Talk with Zen Buddhist Monk Ven. Lawrence Dō'an Grecco - YouTube",https://www.youtube.com/watch?v=d7eApirNNBM,long,1,,Zen,1471283805
"Wisdom Of Youth - Alan Watts - YouTube",https://www.youtube.com/watch?v=zjWD0JU92lw,short,1,,Watts,1471303796
"It all goes together - Alan Watts - YouTube",https://www.youtube.com/watch?v=qml1-xzPpxY,short,1,,Watts,1471304007
"TalkingStickTV - Claude Anshin Thomas - A Soldier's Journey from War to Peace - YouTube",https://www.youtube.com/watch?v=D1r3-6KjcAA,long,1,,"Claude AnShin Thomas",1471382007
"Being In the World Without Misery (Part 1 of 2) - Claude AnShin - YouTube",https://www.youtube.com/watch?v=5IJSQPcb3Mc,long,1,,"Claude AnShin Thomas",1471382010
"Being In the World Without Misery (Part 2 of 2) - Claude AnShin - YouTube",https://www.youtube.com/watch?v=-QqKdw0s4XQ,long,1,,"Claude AnShin Thomas",1471382015
"Claude AnShin Thomas At Moravian College - YouTube",https://www.youtube.com/watch?v=_qRFZQhF2XI,long,1,,"Claude AnShin Thomas",1471403016
"Claude AnShin Thomas, FAU Talk Boca Raton March 2013 - YouTube",https://www.youtube.com/watch?v=RmTE9cKwajw,long,0,,"Claude AnShin Thomas",1471403044
"Claude Anshin Thomas ""The Costs of War"" - YouTube",https://www.youtube.com/watch?v=oru42N3pBgc,short,1,,"Claude AnShin Thomas",1471442345
"Claude AnShin Thomas' Talk with Veterans at Marymount University March 2013 - YouTube",https://www.youtube.com/watch?v=mSQQHouEtrc,long,1,,"Claude AnShin Thomas",1471442505
"Peace is Every Step - YouTube",https://www.youtube.com/watch?v=UTdVfYs0ZBc,short,1,,"Claude AnShin Thomas, Thich Nhat Hanh",1471442800
"Global Capitalism Monthly: Economic Update AUGUST 2016 - YouTube",https://www.youtube.com/watch?v=g-ZkCzBc_F0,long,1,,Wolff,1471449332
"Capitalism is Rigged Against The Majority of People On The Planet - Richard Wolff - YouTube",https://www.youtube.com/watch?v=CRAWjf5cZLQ,long,1,,Wolff,1471623061
"Alan Watts - What you focus on is what you will attract - YouTube",https://www.youtube.com/watch?v=rxmzChcWweY,long,0,00h29m00s,Watts,1471740852
"Marxism 101 Why Socialism Is Better Than Capitalism Dr. Richard Wolff - YouTube",https://www.youtube.com/watch?v=Z5nIWrLXldM,long,1,,Wolff,1471801367
"Alan Watts on Being Alive - YouTube",https://www.youtube.com/watch?v=uJStjV4HkSE,short,1,,Watts,1471850792
"Suffering and Kamma by Ajahn Jayasaro, Dhamma Talk, Dharma, Buddhism - YouTube",https://www.youtube.com/watch?v=P_rM8HDYm2c,long,1,,"Ajahn Jayasaro",1471874747
"Peace of Mind: Won Buddhism Dharma Talk - YouTube",https://www.youtube.com/watch?v=g-oBBmNIbMo,long,0,00h00m00s,"Chung Ohun Lee",1471874900
"Mind Creates Everything: Won Buddhism Dharma Talk - YouTube",https://www.youtube.com/watch?v=2XFxF834OIU,long,0,,"Chung Ohun Lee",1471874929
"Reflections on Karma: Taking Responsibility for Your Life', by Venerable Ajahn Jayasaro - YouTube",https://www.youtube.com/watch?v=zJ62UKpZL5s,long,0,00h43m33s,"Ajahn Jayasaro",1471921298
"Joko Beck Dharma Talk (1) of (3): ""Ordinary Mind"" (Feb/1990) - YouTube",https://www.youtube.com/watch?v=ojR0IMhXef0,long,1,,"Jako Beck",1471993878
"Joko Beck Dharma Talk (2) of (3): ""Sitting Practice"" (Dec/1990) - YouTube",https://www.youtube.com/watch?v=ZXjDwEJ9tCA,long,1,,"Jako Beck",1471993898
"Joko Beck Dharma Talk (3) of (3): ""Experiencing Body Sensation"" (Feb/1991) - YouTube",https://www.youtube.com/watch?v=8VRlaOI8ME8,long,1,,"Jako Beck",1471993913
"What to do now about suffering (Ajahn Amaro) - YouTube",https://www.youtube.com/watch?v=RxpBqDyJ2ks,long,0,,"Ajahn Amaro",1471994057
"Dharma Talk with Zen Master Dae Kwang 30/6/14 - Part 1 - YouTube",https://www.youtube.com/watch?v=bAYcY1zDUy4,long,0,,"Dae Kwang",1471994378
"Dharma Talk with Zen Master Dae Kwang 30/6/14 - Part 2 - YouTube",https://www.youtube.com/watch?v=pofeMf_KLWc,long,0,,"Dae Kwang",1471994409
"Jiddu Krishnamurti - Most people are occupied with jobs - YouTube",https://www.youtube.com/watch?v=x5kTObI2Y_s,long,1,,"Jiddu Krishnamurti",1472045675
"Thich Nhat Hanh Loneliness is the Ill Being of our Time - YouTube",https://www.youtube.com/watch?v=yZ1x9bzl2Ww,long,1,,"Thich Nhat Hanh",1472061518
"Jiddu Krishnamurti : What is a Healthy Mind - Nature of Mind - YouTube",https://www.youtube.com/watch?v=7LOIYtcok3g,long,0,00h00m00s,"Jiddu Krishnamurti",1472094728
"What is the right relationship to money? - YouTube",https://www.youtube.com/watch?v=Ep_g41H-6nE,long,0,00h00m00s,"Jiddu Krishnamurti",1472132058
"Does God exist? - YouTube",https://www.youtube.com/watch?v=tYjYL448-yY,long,0,,"Jiddu Krishnamurti",1472132084
"Jiddu Krishnamurti : How can the mind transform itself ? - YouTube",https://www.youtube.com/watch?v=Yc60HYEeSkI,long,0,00h00m00s,"Jiddu Krishnamurti",1472180679
"Alan Watts - Let Go - YouTube",https://www.youtube.com/watch?v=idPKCleQm_Y,short,1,,Watts,1472279382
"Prof Noam Chomsky Interview 2016 on Economics & Classical Liberalism - Revolutionary Violence - YouTube",https://www.youtube.com/watch?v=rqtshLxBKNk,long,0,00h05m29s,Chomsky,1472318282
"Noam Chomsky - Understanding Reality - YouTube",https://www.youtube.com/watch?v=cQd6QGQIxmQ,long,1,,Chomsky,1472406073
"noam chomsky - the world war - YouTube",https://www.youtube.com/watch?v=CqzBaXLBGLE,long,0,,Chomsky,1472486840
"Noam Chomsky July, 2016 On the Kurds - YouTube",https://www.youtube.com/watch?v=6JlqRgIzZkc,long,1,,Chomsky,1472487844
"Zen - Get Real #1 - YouTube",https://www.youtube.com/watch?v=zs6fzY4H8S8,long,1,,Zen,1472519911
"Zen Practice Explained - YouTube",https://www.youtube.com/watch?v=HxlhvaF4ORo,long,0,00h00m00s,Zen,1472520003
"Genpo Roshi - A guided meditation through your interiors www.bpv.ch - YouTube",https://www.youtube.com/watch?v=n22a1Hf4rjk,long,0,,Zen,1472520089
"20 - Uncomfortable Zen - Tuesday August 6, 2013 - YouTube",https://www.youtube.com/watch?v=fF2HG-BVxtk,long,0,,Zen,1472520209
"03 ""I"" Arising, ""I"" Dissolving - Tuesday October 2, 2012 - YouTube",https://www.youtube.com/watch?v=ptKpA6-dsKs,long,0,,Zen,1472520276
"If each moment is complete why do we need practice? - Kazuaki Tanahashi - YouTube",https://www.youtube.com/watch?v=ebh2C0avDlo,long,0,,Zen,1472549301
"The Circle in the Zen Tradition, Kazuaki Tanahashi - YouTube",https://www.youtube.com/watch?v=DA1pIYEIWmI,long,0,,Zen,1472549330
"Zen Master: John Daido Loori Roshi - YouTube",https://www.youtube.com/watch?v=hwHB-r7twW8,long,1,,"John Daido Loori",1472565806
"ZEN, Rinzai zen, Shodo Harada Roshi in America - YouTube",https://www.youtube.com/watch?v=NL49M0WkcLc,long,0,,Zen,1472565898
"Zen Master Bon Yeon at Boston University - YouTube",https://www.youtube.com/watch?v=A1YRsyInIY4,long,0,,"Zen,Bon Yeon",1472566001
"Capitalism IS IN CRISIS! Economist Richard Wolff Talks w/ Lee Camp [25] - YouTube",https://www.youtube.com/watch?v=JGbC2nB9GqM,long,1,,Wolff,1472578178
"Capitalism Hits the Fan - Richard Wolff - YouTube",https://www.youtube.com/watch?v=TZU3wfjtIJY,long,0,,Wolff,1472578394
"Richard Wolff ""Stephen Resnick Memorial Lecture"" - YouTube",https://www.youtube.com/watch?v=2S5wCQ0kjJg,long,1,,Wolff,1472578410
"Richard Wolff on Capitalism - YouTube",https://www.youtube.com/watch?v=YMdIgGOYKhs,long,1,,Wolff,1472578486
"Richard Wolff: How to Teach Marxism - YouTube",https://www.youtube.com/watch?v=uY5dP7cyWDo,long,0,,Wolff,1472578521
"NOWMAN Show Special: Richard Wolff In Hollywood- Part 1 - YouTube",https://www.youtube.com/watch?v=gLVz-YMiMxw,long,0,,Wolff,1472578697
"NOWMAN Show Special: Richard Wolff In Hollywood- Part 2 - YouTube",https://www.youtube.com/watch?v=52uQ18uPZvA,long,0,,Wolff,1472578700
"The NOWMAN Show Special: Richard Wolff In Hollywood- Part 3 - YouTube",https://www.youtube.com/watch?v=1X2Li5Qe8gM,long,0,,Wolff,1472578703
"Nowman Show Special: Richard Wolff In Hollywood- Part 4 - YouTube",https://www.youtube.com/watch?v=VFI3U-6Pvj8,long,0,,Wolff,1472578706
"Advanced & Applied Marxian Economics (Session 1) - Richard D Wolff - YouTube",https://www.youtube.com/watch?v=WGYdZo3mw00,long,0,,Wolff,1472753643
"Advanced & Applied Marxian Economics (Session 2) - Richard D Wolff - YouTube",https://www.youtube.com/watch?v=0zc1bI8ZOnM,long,0,,Wolff,1472753646
"Advanced & Applied Marxian Economics (Session 3) - Richard D Wolff - YouTube",https://www.youtube.com/watch?v=fN86CkP04-0,long,0,,Wolff,1472753649
"Advanced & Applied Marxian Economics (Session 4) - Richard D Wolff - YouTube",https://www.youtube.com/watch?v=Fgkzhq3-vlA,long,0,,Wolff,1472753652
"Full Interview of Julian Assange - YouTube",https://www.youtube.com/watch?v=1IfrNZfqGsQ,long,0,00h10m05s,"Julian Assange",1472774874
"Economic Update: Puerto Rico's Crisis is Systemic (2016.09.01) - YouTube",https://www.youtube.com/watch?v=DUgkYjrZc50,long,0,00h00m00s,Wolff,1473015079
"Noam Chomsky on NATO - YouTube",https://www.youtube.com/watch?v=NvAAwiyxJMw,long,1,,Chomsky,1473016096
"Noam Chomsky - Right-wing Protesters - YouTube",https://www.youtube.com/watch?v=jqAGbeCFGI8,long,0,,Chomsky,1473016096
"Noam Chomsky - Why Iraq - YouTube",https://www.youtube.com/watch?v=coqI8nunzeA,long,0,,Chomsky,1473018333
"Noam Chomsky: On Power and Ideology | The New School - YouTube",https://www.youtube.com/watch?v=w_X5czMVKT8,long,0,,Chomsky,1473102089
"Noam Chomsky Globalization and Neoliberalism FULL Speech + Q&A - YouTube",https://www.youtube.com/watch?v=ILcKbKTlzfc,long,0,00h15m39s,Chomsky,1473102139
"Noam Chomsky FULL C-SPAN Interview - YouTube",https://www.youtube.com/watch?v=D1PtLjwPZrE,long,0,,Chomsky,1473176282
